Concelho;Total;BE;CDS-PP;CDS-PP-MPT;CDS-PP-MPT-PPM;CDS-PP-PPD/PSD;Grupo de cid;MPT;PAN;PCP-PEV;PCTP/MRPP;PND;PNR;PPD/PSD;PPD/PSD-CDS-PP;PPD/PSD-CDS-PP-MPT;PPD/PSD-CDS-PP-MPT-PPM;PPD/PSD-CDS-PP-PPM;PPD/PSD-CDS-PP-PPM-MPT;PPD/PSD-MPT;PPD/PSD-MPT-PPM;PPD/PSD-PPM;PPD/PSD-PPM-MPT;PPM;PPM-PPV;PPM-PPV-PND;PPV;PS;PS-BE-PND-MPT-PTP-PAN;PS-PTP-PND-BE;PTP;Total;Protec da qualidade do ar e clima;Gest de aguas residuais;Gestao de residuos;Protecao e recuperacao dos solos, de aguas subterraneas e superficiais;Protecao contra o ruido e vibracoes;Protecao da biodiversidade e paisagem;Outros dominios;Habitao;Outros fins;Total Custos;Violncia domstica contra cnjuge ou analogos;Furto em veiculo motorizado;Furto em residencia;Furto em edificio comercial ou industrial
Arcos de Valdevez;13872.0;0.0;1687.0;0.0;0.0;0.0;0.0;0.0;0.0;478.0;0.0;0.0;0.0;7837.0;0.0;0.0;0.0;0.0;0.0;0.0;0.0;0.0;0.0;0.0;0.0;0.0;0.0;3870.0;0.0;0.0;0.0;b>a>c>d>e;43.2;0.0;0.0;26.2;0.0;0.0;16.4;152553.0;88721.0;63831.0;711.0;43.0;32.0;60.0
Caminha;10573.0;0.0;0.0;0.0;0.0;0.0;0.0;0.0;0.0;442.0;0.0;0.0;0.0;4930.0;0.0;0.0;0.0;0.0;0.0;0.0;0.0;0.0;0.0;0.0;0.0;0.0;0.0;5201.0;0.0;0.0;0.0;a>b>c>d>e;74.9;0.0;0.0;74.9;0.0;0.0;0.0;125996.0;90126.0;35870.0;727.0;9.0;43.0;38.0
Melga•À_o;4855.0;0.0;0.0;0.0;0.0;0.0;0.0;0.0;0.0;129.0;0.0;0.0;0.0;1462.0;0.0;0.0;0.0;0.0;0.0;0.0;0.0;0.0;0.0;0.0;0.0;0.0;0.0;3264.0;0.0;0.0;0.0;a>b>c>d>e;26.0;0.0;0.0;26.0;0.0;0.0;0.0;56505.0;31552.0;24953.0;258.0;9.0;4.0;15.0
Mon•À_•À_o;11909.0;0.0;2221.0;0.0;0.0;0.0;0.0;0.0;0.0;206.0;0.0;0.0;0.0;4739.0;0.0;0.0;0.0;0.0;0.0;0.0;0.0;0.0;0.0;0.0;0.0;0.0;0.0;4743.0;0.0;0.0;0.0;b>a>c>d>e;30.7;0.0;0.0;30.7;0.0;0.0;0.0;152834.0;92330.0;60504.0;670.0;20.0;24.0;34.0
Paredes de Coura;6090.0;0.0;131.0;0.0;0.0;0.0;0.0;0.0;0.0;272.0;0.0;0.0;0.0;2308.0;0.0;0.0;0.0;0.0;0.0;0.0;0.0;0.0;0.0;0.0;0.0;0.0;0.0;3379.0;0.0;0.0;0.0;b>a>c>d>e;39.9;0.0;0.0;28.2;0.0;0.0;11.6;70647.0;48202.0;22445.0;290.0;15.0;0.0;18.0
Ponte da Barca;8309.0;0.0;0.0;0.0;0.0;0.0;1438.0;0.0;0.0;132.0;0.0;0.0;0.0;2148.0;0.0;0.0;0.0;0.0;0.0;0.0;0.0;0.0;0.0;0.0;0.0;0.0;0.0;4591.0;0.0;0.0;0.0;a>b>c>d>e;24.9;0.0;0.0;24.9;0.0;0.0;0.0;99891.0;75007.0;24884.0;481.0;16.0;18.0;41.0
Ponte de Lima;26276.0;0.0;14982.0;0.0;0.0;0.0;3325.0;0.0;0.0;1035.0;0.0;0.0;0.0;4374.0;0.0;0.0;0.0;0.0;0.0;0.0;0.0;0.0;0.0;0.0;0.0;0.0;0.0;2560.0;0.0;0.0;0.0;b>a>c>d>e;36.3;0.0;0.0;23.3;0.0;0.0;13.0;239956.0;167979.0;71977.0;1281.0;83.0;27.0;50.0
Valen•À_a;8042.0;0.0;0.0;0.0;0.0;0.0;0.0;0.0;0.0;339.0;0.0;0.0;0.0;4871.0;0.0;0.0;0.0;0.0;0.0;0.0;0.0;0.0;0.0;0.0;0.0;0.0;0.0;2832.0;0.0;0.0;0.0;a>b>c>d>e;55.7;0.0;0.0;53.4;0.0;0.0;2.3;190754.0;96500.0;94254.0;888.0;21.0;39.0;33.0
Viana do Castelo;42848.0;0.0;0.0;1991.0;0.0;0.0;0.0;0.0;650.0;4919.0;744.0;0.0;0.0;12361.0;0.0;0.0;0.0;0.0;0.0;0.0;0.0;0.0;0.0;0.0;0.0;0.0;0.0;22183.0;0.0;0.0;0.0;c>a>b>d>e;37.0;0.0;0.0;0.0;0.0;0.0;37.0;1222874.0;707038.0;515835.0;2555.0;180.0;205.0;152.0
Vila Nova de Cerveira;5980.0;0.0;0.0;0.0;0.0;0.0;2807.0;0.0;0.0;78.0;0.0;0.0;0.0;570.0;0.0;0.0;0.0;0.0;0.0;0.0;0.0;0.0;0.0;0.0;0.0;0.0;0.0;2525.0;0.0;0.0;0.0;a>b>c>d>e;54.9;0.0;0.0;38.8;0.0;0.0;16.1;96896.0;67390.0;29506.0;402.0;16.0;22.0;29.0
Amares;11377.0;0.0;0.0;0.0;0.0;0.0;3644.0;0.0;0.0;398.0;0.0;0.0;0.0;0.0;2907.0;0.0;0.0;0.0;0.0;0.0;0.0;0.0;0.0;0.0;0.0;0.0;0.0;4428.0;0.0;0.0;0.0;a>b>c>d>e;28.5;0.0;0.0;24.8;0.0;0.3;3.4;110489.0;72791.0;37698.0;484.0;51.0;40.0;38.0
Barcelos;71209.0;1437.0;0.0;0.0;0.0;0.0;7589.0;0.0;0.0;1225.0;592.0;0.0;0.0;0.0;0.0;0.0;0.0;26061.0;0.0;0.0;0.0;0.0;0.0;0.0;0.0;0.0;0.0;34305.0;0.0;0.0;0.0;a>b>c>d>e;23.4;0.0;0.0;21.2;0.0;0.0;0.7;1020442.0;658720.0;361722.0;2492.0;198.0;167.0;156.0
Braga;90617.0;0.0;0.0;0.0;0.0;0.0;5072.0;0.0;0.0;8355.0;1293.0;0.0;0.0;0.0;0.0;0.0;0.0;44571.0;0.0;0.0;0.0;0.0;0.0;0.0;0.0;0.0;0.0;31326.0;0.0;0.0;0.0;a>b>c>d>e;10.7;0.0;0.0;0.0;0.0;0.0;10.7;3678848.0;1594314.0;2084535.0;6040.0;370.0;1091.0;306.0
Esposende;17663.0;0.0;2013.0;0.0;0.0;0.0;0.0;0.0;0.0;1001.0;0.0;0.0;0.0;10711.0;0.0;0.0;0.0;0.0;0.0;0.0;0.0;0.0;0.0;0.0;0.0;0.0;0.0;3938.0;0.0;0.0;0.0;b>a>c>d>e;54.3;0.0;0.0;51.3;0.0;0.0;3.0;305905.0;209615.0;96290.0;1361.0;41.0;177.0;117.0
Terras de Bouro;5204.0;0.0;0.0;0.0;0.0;0.0;177.0;299.0;0.0;419.0;0.0;0.0;0.0;0.0;1555.0;0.0;0.0;0.0;0.0;0.0;0.0;0.0;0.0;0.0;0.0;0.0;0.0;2754.0;0.0;0.0;0.0;a>b>c>d>e;35.8;0.0;0.0;28.4;0.0;0.0;7.2;35389.0;25411.0;9978.0;269.0;7.0;31.0;23.0
Vila Verde;27776.0;0.0;1104.0;0.0;0.0;0.0;0.0;0.0;0.0;629.0;0.0;0.0;0.0;13418.0;0.0;0.0;0.0;0.0;0.0;0.0;0.0;0.0;0.0;0.0;0.0;0.0;0.0;12625.0;0.0;0.0;0.0;b>a>c>d>e;26.6;0.0;0.0;18.1;0.0;0.0;8.4;321741.0;213271.0;108469.0;1744.0;117.0;109.0;174.0
Cabeceiras de Basto;10968.0;0.0;0.0;0.0;0.0;0.0;4535.0;0.0;0.0;107.0;0.0;0.0;0.0;0.0;1355.0;0.0;0.0;0.0;0.0;0.0;0.0;0.0;0.0;0.0;0.0;0.0;0.0;4971.0;0.0;0.0;0.0;a>b>c>d>e;25.7;0.0;0.0;25.7;0.0;0.0;0.0;113091.0;75498.0;37593.0;361.0;16.0;4.0;33.0
Fafe;30070.0;0.0;423.0;0.0;0.0;0.0;11008.0;0.0;0.0;928.0;0.0;0.0;0.0;6688.0;0.0;0.0;0.0;0.0;0.0;0.0;0.0;0.0;0.0;0.0;0.0;0.0;0.0;11023.0;0.0;0.0;0.0;b>a>c>d>e;33.6;0.0;0.0;28.0;0.0;0.0;5.5;324774.0;221691.0;103084.0;1312.0;87.0;48.0;111.0
Guimar•À_es;83282.0;1788.0;0.0;0.0;0.0;0.0;0.0;0.0;0.0;7285.0;496.0;0.0;0.0;0.0;0.0;31174.0;0.0;0.0;0.0;0.0;0.0;0.0;0.0;0.0;856.0;0.0;0.0;41683.0;0.0;0.0;0.0;a>b>c>d>e;25.0;0.0;0.0;23.1;0.0;0.0;1.9;1850971.0;937984.0;912988.0;3493.0;254.0;239.0;241.0
Mondim de Basto;4961.0;0.0;0.0;0.0;0.0;1890.0;0.0;0.0;0.0;34.0;29.0;0.0;0.0;0.0;0.0;0.0;0.0;0.0;0.0;0.0;0.0;0.0;0.0;0.0;0.0;0.0;0.0;3008.0;0.0;0.0;0.0;e>a>b>c>d;34.5;0.0;0.0;34.5;0.0;0.0;0.0;62337.0;38926.0;23411.0;221.0;24.0;4.0;9.0
P•À_voa de Lanhoso;14789.0;0.0;646.0;0.0;0.0;0.0;0.0;0.0;0.0;209.0;0.0;0.0;0.0;7790.0;0.0;0.0;0.0;0.0;0.0;0.0;0.0;0.0;0.0;0.0;0.0;0.0;0.0;6144.0;0.0;0.0;0.0;b>a>c>d>e;29.9;0.0;0.0;21.4;0.0;0.0;6.3;166922.0;122225.0;44697.0;715.0;28.0;44.0;36.0
Vieira do Minho;9771.0;69.0;0.0;0.0;0.0;0.0;0.0;0.0;0.0;134.0;0.0;0.0;0.0;0.0;5003.0;0.0;0.0;0.0;0.0;0.0;0.0;0.0;0.0;0.0;0.0;0.0;0.0;4565.0;0.0;0.0;0.0;a>b>c>d>e;28.8;0.0;0.0;28.8;0.0;0.0;0.0;84836.0;69048.0;15788.0;533.0;23.0;13.0;35.0
Vila Nova de Famalic•À_o;73039.0;1237.0;0.0;0.0;0.0;0.0;0.0;0.0;0.0;2823.0;0.0;0.0;0.0;0.0;44712.0;0.0;0.0;0.0;0.0;0.0;0.0;0.0;0.0;0.0;0.0;0.0;0.0;24267.0;0.0;0.0;0.0;a>b>c>d>e;30.3;0.0;0.0;29.6;0.0;0.0;0.0;1446864.0;873874.0;572990.0;3391.0;320.0;178.0;249.0
Vizela;12175.0;406.0;0.0;0.0;0.0;0.0;0.0;0.0;0.0;616.0;0.0;0.0;0.0;0.0;5046.0;0.0;0.0;0.0;0.0;0.0;0.0;0.0;0.0;0.0;0.0;0.0;0.0;6107.0;0.0;0.0;0.0;a>b>c>d>e;35.8;0.0;0.0;30.8;0.0;0.0;4.9;218972.0;150249.0;68723.0;881.0;47.0;33.0;23.0
Arouca;13295.0;0.0;726.0;0.0;0.0;0.0;0.0;0.0;0.0;390.0;0.0;0.0;0.0;3931.0;0.0;0.0;0.0;0.0;0.0;0.0;0.0;0.0;0.0;0.0;0.0;0.0;0.0;8248.0;0.0;0.0;0.0;b>a>c>d>e;36.3;0.0;0.0;26.0;0.0;0.0;4.0;154391.0;102181.0;52210.0;470.0;18.0;11.0;32.0
Espinho;17873.0;641.0;460.0;0.0;0.0;0.0;0.0;0.0;0.0;1191.0;0.0;0.0;0.0;8993.0;0.0;0.0;0.0;0.0;0.0;0.0;0.0;0.0;0.0;0.0;0.0;0.0;0.0;6588.0;0.0;0.0;0.0;a>b>c>d>e;37.4;0.0;0.0;37.4;0.0;0.0;0.0;419410.0;271798.0;147613.0;946.0;53.0;62.0;69.0
Gondomar;61370.0;2605.0;0.0;0.0;0.0;0.0;0.0;0.0;0.0;8850.0;0.0;0.0;0.0;0.0;16114.0;0.0;0.0;0.0;0.0;0.0;0.0;0.0;0.0;0.0;0.0;0.0;0.0;33801.0;0.0;0.0;0.0;a>b>c>d>e;39.0;0.0;0.0;36.0;0.0;0.0;2.9;1091095.0;774519.0;316576.0;4100.0;378.0;454.0;235.0
Maia;51052.0;3412.0;0.0;0.0;0.0;0.0;0.0;0.0;0.0;4413.0;0.0;0.0;0.0;0.0;28629.0;0.0;0.0;0.0;0.0;0.0;0.0;0.0;0.0;0.0;0.0;0.0;0.0;14598.0;0.0;0.0;0.0;a>b>c>d>e;30.3;0.1;0.0;23.7;2.4;0.1;2.2;1726359.0;1106754.0;619605.0;4384.0;245.0;485.0;266.0
Matosinhos;67445.0;2623.0;1409.0;0.0;0.0;0.0;32014.0;0.0;0.0;5396.0;0.0;0.0;0.0;6869.0;0.0;0.0;0.0;0.0;0.0;0.0;0.0;0.0;0.0;0.0;0.0;0.0;0.0;18629.0;0.0;0.0;505.0;a>b>c>d>e;91.8;0.7;0.0;70.2;0.6;1.4;17.4;1835591.0;1289358.0;546233.0;6083.0;420.0;926.0;255.0
Oliveira de Azem•À_is;32123.0;702.0;2532.0;0.0;0.0;0.0;0.0;0.0;0.0;977.0;0.0;0.0;0.0;14298.0;0.0;0.0;0.0;0.0;0.0;0.0;0.0;0.0;0.0;0.0;0.0;0.0;0.0;13614.0;0.0;0.0;0.0;b>a>c>d>e;23.2;0.0;0.0;23.1;0.0;0.1;0.0;579294.0;324193.0;255100.0;1419.0;152.0;53.0;134.0
Paredes;43739.0;816.0;1721.0;0.0;0.0;0.0;0.0;0.0;0.0;2983.0;0.0;0.0;0.0;19146.0;0.0;0.0;0.0;0.0;0.0;0.0;0.0;0.0;0.0;0.0;0.0;0.0;0.0;19073.0;0.0;0.0;0.0;b>a>c>d>e;29.7;0.0;0.0;26.4;0.0;0.0;1.7;835658.0;487764.0;347894.0;2620.0;203.0;156.0;118.0
Porto;110596.0;4166.0;0.0;0.0;0.0;0.0;46666.0;0.0;0.0;8539.0;343.0;0.0;0.0;0.0;0.0;0.0;0.0;0.0;0.0;0.0;0.0;0.0;24366.0;0.0;0.0;0.0;0.0;26237.0;0.0;0.0;279.0;a>b>c>d>e;133.7;0.0;0.0;101.2;0.0;0.7;29.7;21400343.0;9476204.0;11924140.0;15638.0;937.0;2833.0;667.0
P•À_voa de Varzim;27560.0;670.0;4021.0;0.0;0.0;0.0;0.0;0.0;0.0;1054.0;344.0;0.0;0.0;13567.0;0.0;0.0;0.0;0.0;0.0;0.0;0.0;0.0;0.0;0.0;0.0;0.0;0.0;7904.0;0.0;0.0;0.0;b>a>c>d>e;62.7;0.0;0.0;62.7;0.0;0.0;0.0;744614.0;489170.0;255445.0;1573.0;162.0;89.0;136.0
Santa Maria da Feira;64006.0;2792.0;2675.0;0.0;0.0;0.0;0.0;0.0;0.0;2955.0;0.0;0.0;0.0;31019.0;0.0;0.0;0.0;0.0;0.0;0.0;0.0;0.0;0.0;0.0;0.0;0.0;0.0;24565.0;0.0;0.0;0.0;a>b>c>d>e;25.6;0.0;0.0;21.5;0.0;0.0;4.1;1234466.0;704404.0;530063.0;4341.0;241.0;340.0;386.0
Santo Tirso;37391.0;0.0;1409.0;0.0;0.0;0.0;2552.0;0.0;0.0;2455.0;0.0;0.0;0.0;0.0;0.0;0.0;0.0;0.0;0.0;0.0;0.0;13051.0;0.0;0.0;0.0;0.0;0.0;17924.0;0.0;0.0;0.0;b>a>c>d>e;20.1;0.0;0.0;15.3;0.0;0.0;4.9;546945.0;371456.0;175489.0;1376.0;101.0;69.0;67.0
S•À_o Jo•À_o da Madeira;9462.0;225.0;296.0;0.0;0.0;0.0;1000.0;0.0;0.0;620.0;0.0;0.0;0.0;3808.0;0.0;0.0;0.0;0.0;0.0;0.0;0.0;0.0;0.0;0.0;0.0;0.0;0.0;3513.0;0.0;0.0;0.0;b>a>c>d>e;48.0;0.0;0.0;43.0;0.3;0.0;4.6;492606.0;254471.0;238135.0;758.0;52.0;49.0;20.0
Trofa;21100.0;470.0;0.0;0.0;0.0;0.0;437.0;0.0;0.0;809.0;0.0;0.0;0.0;0.0;10092.0;0.0;0.0;0.0;0.0;0.0;0.0;0.0;0.0;0.0;0.0;0.0;0.0;9292.0;0.0;0.0;0.0;a>b>c>d>e;151.8;0.0;0.0;143.0;0.0;0.5;7.6;454356.0;302613.0;151744.0;1041.0;53.0;104.0;79.0
Vale de Cambra;13080.0;0.0;6382.0;0.0;0.0;0.0;0.0;0.0;0.0;397.0;0.0;0.0;0.0;4683.0;0.0;0.0;0.0;0.0;0.0;0.0;0.0;0.0;0.0;0.0;0.0;0.0;0.0;1618.0;0.0;0.0;0.0;b>a>c>d>e;40.2;0.0;0.0;35.3;0.0;0.0;4.9;183995.0;104169.0;79826.0;497.0;38.0;22.0;47.0
Valongo;37420.0;1797.0;1056.0;0.0;0.0;0.0;0.0;0.0;0.0;3426.0;0.0;0.0;0.0;0.0;0.0;0.0;0.0;0.0;0.0;0.0;0.0;15132.0;0.0;0.0;0.0;0.0;0.0;16009.0;0.0;0.0;0.0;a>b>c>d>e;114.1;0.0;0.0;103.8;0.0;0.0;3.8;842540.0;621444.0;221096.0;2421.0;220.0;190.0;115.0
Vila do Conde;36466.0;983.0;1223.0;0.0;0.0;0.0;0.0;0.0;0.0;2009.0;0.0;0.0;0.0;0.0;0.0;0.0;0.0;0.0;0.0;0.0;0.0;14042.0;0.0;0.0;0.0;0.0;0.0;18209.0;0.0;0.0;0.0;b>a>c>d>e;59.3;0.0;0.0;52.5;0.0;0.0;6.7;771310.0;540458.0;230852.0;2460.0;140.0;260.0;202.0
Vila Nova de Gaia;127158.0;4266.0;0.0;0.0;0.0;0.0;29797.0;0.0;0.0;8876.0;2087.0;0.0;0.0;0.0;27813.0;0.0;0.0;0.0;0.0;0.0;0.0;0.0;0.0;0.0;0.0;0.0;0.0;53146.0;0.0;0.0;1173.0;a>b>c>d>e;26.3;0.0;0.0;9.4;0.0;0.3;15.8;2743064.0;1710572.0;1032493.0;9888.0;935.0;1215.0;678.0
Boticas;4051.0;0.0;0.0;0.0;0.0;0.0;0.0;0.0;0.0;392.0;0.0;0.0;0.0;2748.0;0.0;0.0;0.0;0.0;0.0;0.0;0.0;0.0;0.0;0.0;0.0;0.0;0.0;911.0;0.0;0.0;0.0;a>b>c>d>e;43.7;0.0;0.0;18.6;0.0;0.0;25.1;26838.0;18316.0;8522.0;204.0;0.0;0.0;5.0
Chaves;23163.0;0.0;780.0;0.0;0.0;0.0;3706.0;0.0;0.0;1547.0;0.0;0.0;0.0;9767.0;0.0;0.0;0.0;0.0;0.0;0.0;0.0;0.0;0.0;0.0;0.0;0.0;0.0;7363.0;0.0;0.0;0.0;b>a>c>d>e;40.3;0.0;0.0;34.6;1.2;0.0;4.5;375152.0;240614.0;134538.0;1383.0;90.0;67.0;61.0
Montalegre;7918.0;0.0;0.0;0.0;0.0;0.0;0.0;0.0;0.0;132.0;0.0;0.0;0.0;0.0;2873.0;0.0;0.0;0.0;0.0;0.0;0.0;0.0;0.0;0.0;0.0;0.0;0.0;4913.0;0.0;0.0;0.0;a>b>c>d>e;40.5;0.0;0.0;23.7;0.0;0.0;16.8;58511.0;39762.0;18748.0;485.0;18.0;11.0;13.0
Ribeira de Pena;5050.0;0.0;99.0;0.0;0.0;0.0;273.0;145.0;0.0;45.0;0.0;0.0;0.0;1866.0;0.0;0.0;0.0;0.0;0.0;0.0;0.0;0.0;0.0;0.0;0.0;0.0;0.0;2622.0;0.0;0.0;0.0;b>a>c>d>e;33.7;0.0;0.0;33.7;0.0;0.0;0.0;35255.0;24023.0;11232.0;204.0;12.0;6.0;6.0
Valpa•À_os;11079.0;0.0;262.0;0.0;0.0;0.0;0.0;0.0;0.0;198.0;0.0;0.0;0.0;7295.0;0.0;0.0;0.0;0.0;0.0;0.0;0.0;0.0;0.0;0.0;0.0;0.0;0.0;3324.0;0.0;0.0;0.0;b>a>c>d>e;83.1;0.0;0.0;83.1;0.0;0.0;0.0;99555.0;64854.0;34701.0;642.0;34.0;29.0;36.0
Vila Pouca de Aguiar;9222.0;0.0;102.0;0.0;0.0;0.0;0.0;0.0;0.0;330.0;0.0;0.0;0.0;4449.0;0.0;0.0;0.0;0.0;0.0;0.0;0.0;0.0;0.0;0.0;0.0;0.0;0.0;4341.0;0.0;0.0;0.0;b>a>c>d>e;66.6;0.0;0.0;48.1;0.0;0.0;15.9;100479.0;76606.0;23873.0;510.0;26.0;8.0;20.0
Amarante;31543.0;575.0;0.0;0.0;0.0;0.0;5146.0;0.0;0.0;679.0;0.0;0.0;0.0;0.0;12824.0;0.0;0.0;0.0;0.0;0.0;0.0;0.0;0.0;0.0;0.0;0.0;0.0;12319.0;0.0;0.0;0.0;a>b>c>d>e;23.9;0.0;0.0;21.0;0.0;0.0;2.8;383739.0;269785.0;113953.0;1432.0;121.0;35.0;111.0
Bai•À_o;11473.0;0.0;498.0;0.0;0.0;0.0;0.0;0.0;0.0;191.0;0.0;0.0;0.0;2211.0;0.0;0.0;0.0;0.0;0.0;0.0;0.0;0.0;0.0;0.0;0.0;0.0;0.0;8573.0;0.0;0.0;0.0;b>a>c>d>e;47.0;0.0;0.0;39.1;0.0;0.0;7.8;89481.0;63588.0;25893.0;518.0;51.0;18.0;33.0
Castelo de Paiva;10932.0;72.0;94.0;0.0;0.0;0.0;0.0;0.0;0.0;106.0;0.0;0.0;0.0;4036.0;0.0;0.0;0.0;0.0;0.0;0.0;0.0;0.0;0.0;0.0;0.0;0.0;0.0;6624.0;0.0;0.0;0.0;b>a>c>d>e;23.9;0.0;0.0;18.5;0.0;0.0;5.3;112424.0;90905.0;21519.0;409.0;29.0;15.0;11.0
Celorico de Basto;11720.0;0.0;740.0;0.0;0.0;0.0;0.0;0.0;0.0;434.0;0.0;0.0;0.0;7866.0;0.0;0.0;0.0;0.0;0.0;0.0;0.0;0.0;0.0;0.0;0.0;0.0;0.0;2680.0;0.0;0.0;0.0;b>a>c>d>e;34.9;0.0;0.0;31.8;0.0;0.0;3.2;78138.0;60100.0;18038.0;395.0;28.0;6.0;9.0
Cinf•À_es;11781.0;0.0;0.0;0.0;0.0;0.0;0.0;0.0;0.0;289.0;0.0;0.0;0.0;0.0;4454.0;0.0;0.0;0.0;0.0;0.0;0.0;0.0;0.0;0.0;0.0;0.0;0.0;7038.0;0.0;0.0;0.0;a>b>c>d>e;24.9;0.0;0.0;18.2;0.0;0.0;6.7;71726.0;52625.0;19101.0;414.0;25.0;11.0;29.0
Felgueiras;32324.0;554.0;2424.0;0.0;0.0;0.0;0.0;0.0;0.0;728.0;282.0;0.0;0.0;0.0;0.0;0.0;0.0;0.0;0.0;0.0;0.0;19615.0;0.0;0.0;0.0;0.0;0.0;8721.0;0.0;0.0;0.0;b>a>c>d>e;59.0;0.0;0.0;55.5;0.0;0.0;3.5;511010.0;318717.0;192293.0;1875.0;82.0;127.0;75.0
Lousada;27125.0;0.0;0.0;0.0;0.0;0.0;0.0;0.0;0.0;751.0;0.0;0.0;0.0;0.0;12512.0;0.0;0.0;0.0;0.0;0.0;0.0;0.0;0.0;0.0;0.0;0.0;0.0;13862.0;0.0;0.0;0.0;a>b>c>d>e;20.9;0.0;0.0;20.9;0.0;0.0;0.0;187437.0;143719.0;43718.0;985.0;67.0;53.0;83.0
Marco de Canaveses;26925.0;0.0;0.0;0.0;0.0;0.0;8713.0;0.0;0.0;922.0;0.0;0.0;0.0;11532.0;0.0;0.0;0.0;0.0;0.0;0.0;0.0;0.0;0.0;0.0;0.0;0.0;0.0;5758.0;0.0;0.0;0.0;a>b>c>d>e;40.8;0.0;0.0;33.7;0.0;0.0;7.1;400290.0;289067.0;111223.0;1140.0;86.0;40.0;91.0
Pa•À_os de Ferreira;29530.0;0.0;437.0;0.0;0.0;0.0;0.0;0.0;0.0;814.0;0.0;0.0;0.0;13669.0;0.0;0.0;0.0;0.0;0.0;0.0;0.0;0.0;0.0;0.0;0.0;0.0;0.0;14437.0;0.0;0.0;173.0;b>a>c>d>e;13.2;0.0;0.0;11.9;0.0;0.0;1.3;505684.0;359745.0;145939.0;1603.0;77.0;115.0;53.0
Penafiel;42352.0;616.0;0.0;0.0;0.0;0.0;0.0;0.0;0.0;1396.0;0.0;0.0;0.0;0.0;22235.0;0.0;0.0;0.0;0.0;0.0;0.0;0.0;0.0;0.0;0.0;0.0;0.0;18105.0;0.0;0.0;0.0;a>b>c>d>e;43.3;0.0;0.0;43.3;0.0;0.0;0.0;695606.0;314021.0;381586.0;1760.0;142.0;95.0;97.0
Resende;7407.0;0.0;0.0;0.0;0.0;0.0;0.0;234.0;0.0;83.0;0.0;0.0;0.0;0.0;3187.0;0.0;0.0;0.0;0.0;0.0;0.0;0.0;0.0;0.0;0.0;0.0;0.0;3903.0;0.0;0.0;0.0;a>b>c>d>e;31.9;0.0;0.0;31.9;0.0;0.0;0.0;69512.0;51203.0;18309.0;252.0;31.0;3.0;13.0
Alij•À_;7841.0;0.0;256.0;0.0;0.0;0.0;1770.0;0.0;0.0;158.0;0.0;0.0;0.0;3298.0;0.0;0.0;0.0;0.0;0.0;0.0;0.0;0.0;0.0;0.0;0.0;0.0;0.0;2359.0;0.0;0.0;0.0;b>a>c>d>e;26.2;0.0;0.0;20.4;1.9;0.0;3.8;84914.0;46487.0;38427.0;417.0;29.0;12.0;10.0
Armamar;4137.0;73.0;900.0;0.0;0.0;0.0;0.0;0.0;0.0;226.0;0.0;0.0;0.0;2449.0;0.0;0.0;0.0;0.0;0.0;0.0;0.0;0.0;0.0;0.0;0.0;0.0;0.0;489.0;0.0;0.0;0.0;b>a>c>d>e;39.1;0.0;0.0;39.1;0.0;0.0;0.0;62358.0;34394.0;27964.0;102.0;3.0;0.0;8.0
Carrazeda de Ansi•À_es;4085.0;0.0;789.0;0.0;0.0;0.0;0.0;0.0;0.0;60.0;0.0;0.0;0.0;2615.0;0.0;0.0;0.0;0.0;0.0;0.0;0.0;0.0;0.0;0.0;0.0;0.0;0.0;621.0;0.0;0.0;0.0;b>a>c>d>e;36.3;0.0;0.0;36.3;0.0;0.0;0.0;83564.0;20387.0;63176.0;182.0;15.0;3.0;5.0
Freixo de Espada •À_ Cinta;2677.0;0.0;0.0;0.0;0.0;0.0;0.0;0.0;0.0;25.0;0.0;0.0;0.0;1357.0;0.0;0.0;0.0;0.0;0.0;0.0;0.0;0.0;0.0;0.0;0.0;0.0;0.0;1295.0;0.0;0.0;0.0;a>b>c>d>e;50.1;0.0;0.0;50.1;0.0;0.0;0.0;18914.0;14001.0;4914.0;128.0;5.0;0.0;5.0
Lamego;14875.0;0.0;0.0;0.0;0.0;0.0;0.0;0.0;0.0;590.0;0.0;0.0;0.0;0.0;8548.0;0.0;0.0;0.0;0.0;0.0;0.0;0.0;0.0;0.0;0.0;0.0;0.0;5737.0;0.0;0.0;0.0;a>b>c>d>e;52.7;0.0;0.0;42.7;0.0;0.0;10.0;277630.0;182388.0;95243.0;618.0;61.0;28.0;61.0
Mes•À_o Frio;2975.0;0.0;24.0;0.0;0.0;0.0;0.0;0.0;0.0;23.0;0.0;0.0;0.0;1090.0;0.0;0.0;0.0;0.0;0.0;0.0;0.0;0.0;0.0;0.0;0.0;0.0;0.0;1838.0;0.0;0.0;0.0;b>a>c>d>e;49.4;0.0;0.0;30.9;0.0;0.0;18.3;48742.0;29776.0;18966.0;215.0;16.0;5.0;19.0
Moimenta da Beira;5902.0;0.0;0.0;0.0;0.0;0.0;0.0;0.0;0.0;169.0;0.0;0.0;0.0;0.0;1813.0;0.0;0.0;0.0;0.0;0.0;0.0;0.0;0.0;0.0;0.0;0.0;0.0;3920.0;0.0;0.0;0.0;a>b>c>d>e;35.3;0.0;0.0;29.0;0.0;0.0;6.4;86253.0;53660.0;32593.0;216.0;15.0;3.0;31.0
Mur•À_a;4189.0;0.0;290.0;0.0;0.0;0.0;0.0;0.0;0.0;42.0;0.0;0.0;0.0;1877.0;0.0;0.0;0.0;0.0;0.0;0.0;0.0;0.0;0.0;0.0;0.0;0.0;0.0;1980.0;0.0;0.0;0.0;b>a>c>d>e;42.3;0.0;0.0;42.3;0.0;0.0;0.0;32897.0;21795.0;11101.0;208.0;15.0;7.0;0.0
Penedono;1979.0;0.0;74.0;0.0;0.0;0.0;0.0;0.0;0.0;25.0;0.0;0.0;0.0;1238.0;0.0;0.0;0.0;0.0;0.0;0.0;0.0;0.0;0.0;0.0;0.0;0.0;0.0;642.0;0.0;0.0;0.0;b>a>c>d>e;77.1;0.0;0.0;38.9;0.0;0.0;35.0;19093.0;14242.0;4851.0;66.0;6.0;0.0;0.0
Peso da R•À_gua;9363.0;0.0;0.0;0.0;0.0;0.0;0.0;0.0;0.0;412.0;0.0;0.0;0.0;5587.0;0.0;0.0;0.0;0.0;0.0;0.0;0.0;0.0;0.0;0.0;0.0;0.0;0.0;3364.0;0.0;0.0;0.0;a>b>c>d>e;81.9;0.0;0.0;75.2;0.0;0.0;6.6;152803.0;97967.0;54836.0;521.0;45.0;26.0;31.0
Sabrosa;4255.0;0.0;0.0;0.0;0.0;0.0;0.0;0.0;0.0;128.0;0.0;0.0;0.0;1632.0;0.0;0.0;0.0;0.0;0.0;0.0;0.0;0.0;0.0;0.0;0.0;0.0;0.0;2495.0;0.0;0.0;0.0;a>b>c>d>e;109.3;0.0;0.0;60.8;2.9;0.0;42.3;39859.0;28526.0;11333.0;168.0;16.0;0.0;7.0
Santa Marta de Penagui•À_o;4903.0;0.0;176.0;0.0;0.0;0.0;0.0;0.0;0.0;82.0;0.0;0.0;0.0;1683.0;0.0;0.0;0.0;0.0;0.0;0.0;0.0;0.0;0.0;0.0;0.0;0.0;0.0;2962.0;0.0;0.0;0.0;b>a>c>d>e;26.8;0.0;0.0;23.2;0.0;0.0;3.5;64763.0;46818.0;17946.0;159.0;5.0;0.0;0.0
S•À_o Jo•À_o da Pesqueira;4484.0;0.0;179.0;0.0;0.0;0.0;1661.0;0.0;0.0;77.0;0.0;0.0;0.0;2051.0;0.0;0.0;0.0;0.0;0.0;0.0;0.0;0.0;0.0;0.0;0.0;0.0;0.0;516.0;0.0;0.0;0.0;b>a>c>d>e;71.3;0.0;0.0;41.3;0.0;0.0;30.1;109562.0;40782.0;68781.0;141.0;15.0;3.0;5.0
Sernancelhe;4570.0;0.0;157.0;0.0;0.0;0.0;0.0;0.0;0.0;16.0;0.0;0.0;0.0;2499.0;0.0;0.0;0.0;0.0;0.0;0.0;0.0;0.0;0.0;0.0;0.0;0.0;0.0;1898.0;0.0;0.0;0.0;b>a>c>d>e;46.1;0.0;0.0;36.0;0.0;0.0;10.2;42843.0;27169.0;15674.0;93.0;7.0;0.0;8.0
Tabua•À_o;4082.0;0.0;0.0;0.0;0.0;0.0;0.0;0.0;0.0;105.0;0.0;0.0;0.0;0.0;2089.0;0.0;0.0;0.0;0.0;0.0;0.0;0.0;0.0;0.0;0.0;0.0;0.0;1888.0;0.0;0.0;0.0;a>b>c>d>e;53.1;0.0;0.0;53.1;0.0;0.0;0.0;70558.0;31910.0;38648.0;100.0;5.0;0.0;8.0
Tarouca;4604.0;188.0;206.0;0.0;0.0;0.0;0.0;0.0;0.0;76.0;0.0;0.0;0.0;2438.0;0.0;0.0;0.0;0.0;0.0;0.0;0.0;0.0;0.0;0.0;0.0;0.0;0.0;1696.0;0.0;0.0;0.0;b>a>c>d>e;57.4;0.0;0.0;40.6;0.0;0.0;16.8;62531.0;50487.0;12044.0;172.0;16.0;6.0;16.0
Torre de Moncorvo;5921.0;0.0;0.0;0.0;0.0;0.0;0.0;0.0;0.0;197.0;0.0;0.0;0.0;0.0;3191.0;0.0;0.0;0.0;0.0;0.0;0.0;0.0;0.0;0.0;0.0;0.0;0.0;2533.0;0.0;0.0;0.0;a>b>c>d>e;84.9;0.0;0.0;58.7;0.0;0.0;26.2;40416.0;29439.0;10978.0;344.0;21.0;0.0;4.0
Vila Nova de Foz C•À_a;4950.0;0.0;0.0;0.0;0.0;0.0;0.0;0.0;0.0;97.0;0.0;0.0;0.0;2763.0;0.0;0.0;0.0;0.0;0.0;0.0;0.0;0.0;0.0;0.0;0.0;0.0;0.0;2090.0;0.0;0.0;0.0;a>b>c>d>e;103.2;0.0;0.0;103.2;0.0;0.0;0.0;38270.0;31255.0;7015.0;288.0;17.0;6.0;10.0
Vila Real;29217.0;612.0;1482.0;0.0;0.0;0.0;0.0;0.0;0.0;730.0;0.0;0.0;0.0;12926.0;0.0;0.0;0.0;0.0;0.0;0.0;0.0;0.0;0.0;0.0;0.0;0.0;0.0;13467.0;0.0;0.0;0.0;b>a>c>d>e;11.9;0.0;0.0;7.1;0.0;0.0;4.8;767462.0;382455.0;385006.0;1307.0;113.0;35.0;42.0
Alf•À_ndega da F•À_;3803.0;0.0;0.0;0.0;0.0;0.0;0.0;0.0;0.0;64.0;0.0;0.0;0.0;0.0;1544.0;0.0;0.0;0.0;0.0;0.0;0.0;0.0;0.0;0.0;0.0;0.0;0.0;2195.0;0.0;0.0;0.0;a>b>c>d>e;80.7;0.0;0.0;56.9;0.0;0.0;23.8;22917.0;17867.0;5050.0;172.0;7.0;0.0;0.0
Bragan•À_a;18986.0;207.0;413.0;0.0;0.0;0.0;3308.0;0.0;0.0;405.0;0.0;0.0;0.0;9449.0;0.0;0.0;0.0;0.0;0.0;0.0;0.0;0.0;0.0;0.0;0.0;0.0;0.0;5204.0;0.0;0.0;0.0;b>a>c>d>e;71.8;0.0;0.0;66.7;0.0;0.0;5.2;519003.0;323771.0;195231.0;1222.0;90.0;49.0;113.0
Macedo de Cavaleiros;10707.0;0.0;1308.0;0.0;0.0;0.0;0.0;0.0;0.0;192.0;0.0;0.0;0.0;4663.0;0.0;0.0;0.0;0.0;0.0;0.0;0.0;0.0;0.0;0.0;0.0;0.0;0.0;4544.0;0.0;0.0;0.0;b>a>c>d>e;50.0;0.0;0.0;39.9;0.0;0.0;10.1;121868.0;83400.0;38468.0;518.0;30.0;13.0;33.0
Miranda do Douro;5294.0;34.0;0.0;0.0;92.0;0.0;0.0;0.0;0.0;36.0;0.0;0.0;0.0;2346.0;0.0;0.0;0.0;0.0;0.0;0.0;0.0;0.0;0.0;0.0;0.0;0.0;0.0;2786.0;0.0;0.0;0.0;d>a>b>c>e;240.9;0.0;0.0;195.9;0.0;0.0;45.0;57741.0;34873.0;22869.0;230.0;25.0;6.0;4.0
Mirandela;12403.0;201.0;2567.0;0.0;0.0;0.0;0.0;0.0;0.0;451.0;0.0;0.0;0.0;6376.0;0.0;0.0;0.0;0.0;0.0;0.0;0.0;0.0;0.0;0.0;0.0;0.0;0.0;2808.0;0.0;0.0;0.0;b>a>c>d>e;111.5;0.0;0.0;96.7;0.0;0.0;14.9;258717.0;160308.0;98409.0;753.0;49.0;16.0;41.0
Mogadouro;7092.0;0.0;148.0;0.0;0.0;0.0;0.0;0.0;0.0;56.0;0.0;0.0;0.0;3439.0;0.0;0.0;0.0;0.0;0.0;0.0;0.0;0.0;0.0;0.0;0.0;0.0;0.0;3449.0;0.0;0.0;0.0;b>a>c>d>e;108.6;0.0;0.0;66.6;0.0;0.0;42.0;59235.0;36670.0;22566.0;222.0;9.0;5.0;5.0
Vila Flor;4522.0;0.0;0.0;0.0;0.0;0.0;0.0;0.0;0.0;191.0;0.0;0.0;0.0;0.0;1615.0;0.0;0.0;0.0;0.0;0.0;0.0;0.0;0.0;0.0;0.0;0.0;0.0;2716.0;0.0;0.0;0.0;a>b>c>d>e;84.7;0.0;0.0;48.4;0.0;0.0;36.2;24301.0;17949.0;6352.0;217.0;12.0;11.0;3.0
Vimioso;3637.0;0.0;0.0;0.0;0.0;0.0;0.0;0.0;0.0;36.0;0.0;0.0;0.0;2232.0;0.0;0.0;0.0;0.0;0.0;0.0;0.0;0.0;0.0;0.0;0.0;0.0;0.0;1369.0;0.0;0.0;0.0;a>b>c>d>e;102.2;0.0;0.0;63.6;0.0;0.0;38.6;24073.0;17210.0;6863.0;252.0;13.0;5.0;13.0
Vinhais;6744.0;0.0;0.0;0.0;0.0;2426.0;0.0;0.0;0.0;111.0;0.0;0.0;0.0;0.0;0.0;0.0;0.0;0.0;0.0;0.0;0.0;0.0;0.0;0.0;0.0;0.0;0.0;4207.0;0.0;0.0;0.0;e>a>b>c>d;109.6;0.0;0.0;47.9;0.0;0.0;61.7;41995.0;26626.0;15369.0;222.0;5.0;0.0;8.0
Alcoba•À_a;23447.0;566.0;4649.0;0.0;0.0;0.0;0.0;0.0;0.0;3176.0;0.0;0.0;245.0;9564.0;0.0;0.0;0.0;0.0;0.0;0.0;0.0;0.0;0.0;0.0;0.0;0.0;0.0;5247.0;0.0;0.0;0.0;b>a>c>d>e;58.1;0.0;0.0;40.5;0.0;0.0;17.2;598200.0;346741.0;251458.0;1821.0;87.0;149.0;171.0
Alenquer;16432.0;1128.0;0.0;0.0;0.0;0.0;0.0;0.0;0.0;2918.0;0.0;0.0;0.0;0.0;0.0;0.0;4991.0;0.0;0.0;0.0;0.0;0.0;0.0;0.0;0.0;0.0;0.0;7395.0;0.0;0.0;0.0;a>b>c>d>e;58.4;0.0;0.0;53.1;0.0;0.0;5.3;352221.0;244837.0;107384.0;1139.0;64.0;73.0;75.0
Arruda dos Vinhos;5779.0;0.0;184.0;0.0;0.0;0.0;0.0;0.0;0.0;529.0;0.0;0.0;0.0;2149.0;0.0;0.0;0.0;0.0;0.0;0.0;0.0;0.0;0.0;0.0;0.0;0.0;0.0;2917.0;0.0;0.0;0.0;b>a>c>d>e;40.5;0.0;0.0;40.5;0.0;0.0;0.0;135050.0;78765.0;56286.0;351.0;18.0;22.0;29.0
Bombarral;5573.0;0.0;712.0;0.0;0.0;0.0;0.0;0.0;0.0;779.0;0.0;0.0;0.0;2469.0;0.0;0.0;0.0;0.0;0.0;0.0;0.0;0.0;0.0;0.0;0.0;0.0;0.0;1613.0;0.0;0.0;0.0;b>a>c>d>e;44.9;0.0;0.0;44.9;0.0;0.0;0.0;135950.0;80471.0;55479.0;387.0;40.0;19.0;43.0
Cadaval;6995.0;0.0;0.0;0.0;211.0;0.0;0.0;0.0;0.0;360.0;0.0;0.0;0.0;3322.0;0.0;0.0;0.0;0.0;0.0;0.0;0.0;0.0;0.0;0.0;0.0;0.0;0.0;3102.0;0.0;0.0;0.0;d>a>b>c>e;29.7;0.0;0.0;19.5;0.0;0.0;10.2;104793.0;64719.0;40074.0;479.0;16.0;17.0;69.0
Caldas da Rainha;19583.0;602.0;1962.0;0.0;0.0;0.0;1863.0;0.0;0.0;1089.0;0.0;0.0;0.0;9216.0;0.0;0.0;0.0;0.0;0.0;0.0;0.0;0.0;0.0;0.0;0.0;0.0;0.0;4851.0;0.0;0.0;0.0;b>a>c>d>e;28.8;0.0;0.0;28.3;0.0;0.0;0.5;746445.0;465446.0;281000.0;1929.0;32.0;160.0;143.0
Lourinh•À_;11284.0;234.0;0.0;0.0;0.0;0.0;0.0;0.0;0.0;433.0;0.0;0.0;0.0;0.0;5040.0;0.0;0.0;0.0;0.0;0.0;0.0;0.0;0.0;0.0;0.0;0.0;0.0;5577.0;0.0;0.0;0.0;a>b>c>d>e;32.9;0.0;0.0;28.7;0.0;0.0;4.3;196575.0;115466.0;81110.0;702.0;31.0;37.0;65.0
Nazar•À_;6900.0;172.0;194.0;0.0;0.0;0.0;1311.0;430.0;0.0;453.0;0.0;0.0;0.0;1657.0;0.0;0.0;0.0;0.0;0.0;0.0;0.0;0.0;0.0;0.0;0.0;0.0;0.0;2683.0;0.0;0.0;0.0;b>a>c>d>e;42.2;0.0;0.0;42.2;0.0;0.0;0.0;133793.0;95569.0;38224.0;649.0;29.0;107.0;58.0
•À_bidos;5426.0;0.0;194.0;0.0;0.0;0.0;0.0;0.0;0.0;387.0;0.0;0.0;0.0;2511.0;0.0;0.0;0.0;0.0;0.0;0.0;0.0;0.0;0.0;0.0;0.0;0.0;0.0;2334.0;0.0;0.0;0.0;b>a>c>d>e;87.1;0.0;0.0;87.1;0.0;0.0;0.0;119184.0;87136.0;32047.0;412.0;5.0;106.0;41.0
Peniche;10154.0;218.0;229.0;0.0;0.0;0.0;0.0;0.0;0.0;4535.0;0.0;0.0;0.0;2512.0;0.0;0.0;0.0;0.0;0.0;0.0;0.0;0.0;0.0;0.0;0.0;0.0;0.0;2660.0;0.0;0.0;0.0;b>a>c>d>e;59.7;0.0;0.0;59.7;0.0;0.0;0.0;311398.0;197709.0;113689.0;1122.0;21.0;188.0;98.0
Sobral de Monte Agra•À_o;4402.0;0.0;0.0;0.0;0.0;0.0;0.0;0.0;0.0;2244.0;0.0;0.0;0.0;0.0;851.0;0.0;0.0;0.0;0.0;0.0;0.0;0.0;0.0;0.0;0.0;0.0;0.0;1307.0;0.0;0.0;0.0;a>b>c>d>e;51.0;0.0;0.0;42.8;0.0;0.0;8.1;115680.0;81759.0;33921.0;329.0;13.0;7.0;27.0
Torres Vedras;31635.0;670.0;0.0;0.0;1541.0;0.0;1184.0;0.0;0.0;2914.0;0.0;0.0;162.0;6707.0;0.0;0.0;0.0;0.0;0.0;0.0;0.0;0.0;0.0;0.0;0.0;0.0;0.0;18457.0;0.0;0.0;0.0;d>a>b>c>e;32.8;0.1;0.0;26.5;1.2;0.0;5.1;1215814.0;610634.0;605180.0;2064.0;123.0;146.0;150.0
•À_gueda;21916.0;0.0;0.0;0.0;0.0;0.0;0.0;0.0;0.0;910.0;0.0;0.0;0.0;0.0;6899.0;0.0;0.0;0.0;0.0;0.0;0.0;0.0;0.0;0.0;0.0;0.0;0.0;14107.0;0.0;0.0;0.0;a>b>c>d>e;23.0;0.0;0.0;17.9;0.0;0.0;3.3;581969.0;307773.0;274196.0;1657.0;103.0;69.0;123.0
Albergaria-a-Velha;12447.0;203.0;5701.0;0.0;0.0;0.0;0.0;0.0;0.0;379.0;0.0;0.0;0.0;4857.0;0.0;0.0;0.0;0.0;0.0;0.0;0.0;0.0;0.0;0.0;0.0;0.0;0.0;1307.0;0.0;0.0;0.0;b>a>c>d>e;24.4;0.0;0.0;24.4;0.0;0.0;0.0;216216.0;147996.0;68220.0;844.0;43.0;38.0;38.0
Anadia;14383.0;0.0;556.0;0.0;0.0;0.0;6377.0;0.0;0.0;476.0;0.0;0.0;0.0;4846.0;0.0;0.0;0.0;0.0;0.0;0.0;0.0;0.0;0.0;0.0;0.0;0.0;0.0;2128.0;0.0;0.0;0.0;b>a>c>d>e;29.7;0.0;0.0;19.2;0.0;0.0;6.3;210265.0;122568.0;87696.0;785.0;43.0;19.0;29.0
Aveiro;31529.0;1366.0;0.0;0.0;0.0;0.0;3480.0;0.0;0.0;1259.0;235.0;0.0;123.0;0.0;0.0;0.0;0.0;16694.0;0.0;0.0;0.0;0.0;0.0;0.0;0.0;0.0;0.0;8372.0;0.0;0.0;0.0;a>b>c>d>e;8.1;0.0;0.0;2.2;0.0;0.0;5.5;1942722.0;809213.0;1133509.0;2614.0;106.0;182.0;116.0
Estarreja;11411.0;0.0;0.0;0.0;0.0;0.0;978.0;0.0;0.0;1017.0;0.0;0.0;0.0;0.0;5253.0;0.0;0.0;0.0;0.0;0.0;0.0;0.0;0.0;0.0;0.0;0.0;0.0;4163.0;0.0;0.0;0.0;a>b>c>d>e;84.0;0.0;0.0;45.3;0.0;0.0;36.9;195624.0;118130.0;77494.0;1018.0;70.0;54.0;82.0
•À_lhavo;12868.0;598.0;1125.0;0.0;0.0;0.0;0.0;0.0;0.0;719.0;0.0;0.0;0.0;6354.0;0.0;0.0;0.0;0.0;0.0;0.0;0.0;0.0;0.0;0.0;0.0;0.0;0.0;4072.0;0.0;0.0;0.0;b>a>c>d>e;45.0;0.0;0.0;42.8;0.0;0.0;2.0;265521.0;196877.0;68644.0;1330.0;63.0;88.0;121.0
Murtosa;4620.0;0.0;275.0;0.0;0.0;0.0;0.0;0.0;0.0;114.0;0.0;0.0;0.0;3441.0;0.0;0.0;0.0;0.0;0.0;0.0;0.0;0.0;0.0;0.0;0.0;0.0;0.0;790.0;0.0;0.0;0.0;b>a>c>d>e;30.8;0.0;0.0;30.8;0.0;0.0;0.0;64310.0;46427.0;17882.0;371.0;28.0;34.0;13.0
Oliveira do Bairro;10116.0;0.0;4068.0;0.0;0.0;0.0;0.0;0.0;0.0;309.0;0.0;0.0;0.0;4799.0;0.0;0.0;0.0;0.0;0.0;0.0;0.0;0.0;0.0;0.0;0.0;0.0;0.0;940.0;0.0;0.0;0.0;b>a>c>d>e;46.2;0.0;0.0;42.9;0.0;0.0;3.4;213439.0;157365.0;56074.0;924.0;54.0;24.0;66.0
Ovar;23679.0;1218.0;753.0;0.0;0.0;0.0;0.0;0.0;0.0;1535.0;0.0;0.0;0.0;11202.0;0.0;0.0;0.0;0.0;0.0;0.0;0.0;0.0;0.0;0.0;0.0;0.0;0.0;8971.0;0.0;0.0;0.0;a>b>c>d>e;55.5;0.0;0.0;44.6;0.0;0.1;10.8;543322.0;292982.0;250341.0;1863.0;152.0;87.0;136.0
Sever do Vouga;7339.0;0.0;670.0;0.0;0.0;0.0;0.0;0.0;0.0;160.0;0.0;0.0;0.0;2916.0;0.0;0.0;0.0;0.0;0.0;0.0;0.0;0.0;0.0;0.0;0.0;0.0;0.0;3593.0;0.0;0.0;0.0;b>a>c>d>e;30.5;0.0;0.0;18.1;0.0;0.0;12.4;106875.0;78119.0;28757.0;362.0;34.0;12.0;15.0
Vagos;11232.0;0.0;3903.0;0.0;0.0;0.0;0.0;0.0;0.0;238.0;0.0;0.0;0.0;5760.0;0.0;0.0;0.0;0.0;0.0;0.0;0.0;0.0;0.0;0.0;0.0;0.0;0.0;1331.0;0.0;0.0;0.0;b>a>c>d>e;17.7;0.0;0.0;17.7;0.0;0.0;0.0;144254.0;78531.0;65723.0;563.0;36.0;20.0;64.0
Arganil;6458.0;0.0;0.0;0.0;0.0;0.0;0.0;0.0;0.0;407.0;0.0;0.0;0.0;3965.0;0.0;0.0;0.0;0.0;0.0;0.0;0.0;0.0;0.0;0.0;0.0;0.0;0.0;2086.0;0.0;0.0;0.0;a>b>c>d>e;19.9;0.0;0.0;19.9;0.0;0.0;0.0;69990.0;41162.0;28828.0;354.0;25.0;15.0;23.0
Cantanhede;17629.0;0.0;337.0;0.0;0.0;0.0;0.0;0.0;0.0;627.0;0.0;0.0;0.0;11293.0;0.0;0.0;0.0;0.0;0.0;0.0;0.0;0.0;0.0;0.0;0.0;0.0;0.0;5372.0;0.0;0.0;0.0;b>a>c>d>e;14.1;0.0;0.0;6.4;0.0;0.0;7.7;346901.0;191465.0;155436.0;1052.0;77.0;48.0;77.0
Coimbra;58506.0;0.0;2492.0;0.0;0.0;0.0;5906.0;0.0;925.0;7078.0;528.0;0.0;0.0;0.0;0.0;0.0;0.0;0.0;0.0;0.0;0.0;0.0;18946.0;0.0;0.0;0.0;0.0;22631.0;0.0;0.0;0.0;b>a>c>d>e;42.7;0.0;0.0;39.6;0.0;0.0;3.1;2888833.0;1444964.0;1443870.0;5182.0;385.0;426.0;302.0
Condeixa-a-Nova;7037.0;625.0;136.0;0.0;0.0;0.0;0.0;0.0;0.0;526.0;0.0;0.0;0.0;1935.0;0.0;0.0;0.0;0.0;0.0;0.0;0.0;0.0;0.0;0.0;0.0;0.0;0.0;3815.0;0.0;0.0;0.0;a>b>c>d>e;26.9;0.0;0.0;26.9;0.0;0.0;0.0;152315.0;118479.0;33837.0;420.0;38.0;55.0;15.0
Figueira da Foz;25313.0;885.0;0.0;0.0;0.0;0.0;0.0;0.0;0.0;2189.0;310.0;0.0;0.0;0.0;0.0;0.0;0.0;0.0;8918.0;0.0;0.0;0.0;0.0;0.0;0.0;0.0;0.0;13011.0;0.0;0.0;0.0;a>b>c>d>e;54.2;0.0;0.0;38.6;0.0;0.0;14.5;631098.0;440288.0;190810.0;1762.0;152.0;138.0;115.0
G•À_is;2546.0;0.0;85.0;0.0;0.0;0.0;1143.0;0.0;0.0;31.0;0.0;0.0;0.0;0.0;0.0;0.0;0.0;0.0;0.0;0.0;0.0;0.0;0.0;0.0;0.0;0.0;0.0;1287.0;0.0;0.0;0.0;b>a>c>d>e;145.9;0.0;0.0;46.8;0.0;0.0;99.0;0.0;0.0;0.0;138.0;3.0;6.0;13.0
Lous•À_;7500.0;343.0;0.0;0.0;0.0;0.0;0.0;0.0;0.0;316.0;0.0;0.0;0.0;0.0;1442.0;0.0;0.0;0.0;0.0;0.0;0.0;0.0;0.0;0.0;0.0;0.0;0.0;5399.0;0.0;0.0;0.0;a>b>c>d>e;112.2;0.0;0.0;52.7;0.0;0.0;59.6;140905.0;103016.0;37889.0;515.0;33.0;41.0;28.0
Mealhada;8854.0;165.0;0.0;0.0;0.0;0.0;0.0;0.0;0.0;751.0;0.0;0.0;0.0;0.0;0.0;0.0;3475.0;0.0;0.0;0.0;0.0;0.0;0.0;0.0;0.0;0.0;0.0;4463.0;0.0;0.0;0.0;a>b>c>d>e;21.1;0.0;0.0;21.1;0.0;0.0;0.0;210003.0;129475.0;80528.0;504.0;29.0;37.0;21.0
Mira;7106.0;0.0;67.0;0.0;0.0;0.0;866.0;0.0;0.0;87.0;0.0;0.0;0.0;3086.0;0.0;0.0;0.0;0.0;0.0;0.0;0.0;0.0;0.0;0.0;0.0;0.0;0.0;3000.0;0.0;0.0;0.0;b>a>c>d>e;91.4;0.0;0.0;48.2;0.0;0.0;26.8;69071.0;41718.0;27353.0;366.0;30.0;29.0;35.0
Miranda do Corvo;6600.0;136.0;0.0;0.0;0.0;0.0;0.0;0.0;0.0;583.0;0.0;0.0;0.0;0.0;2583.0;0.0;0.0;0.0;0.0;0.0;0.0;0.0;0.0;0.0;0.0;0.0;0.0;3298.0;0.0;0.0;0.0;a>b>c>d>e;23.3;0.0;0.0;18.2;0.0;0.0;5.1;87444.0;65440.0;22004.0;285.0;27.0;6.0;25.0
Montemor-o-Velho;12654.0;271.0;0.0;0.0;0.0;0.0;0.0;555.0;0.0;1498.0;0.0;0.0;0.0;0.0;4861.0;0.0;0.0;0.0;0.0;0.0;0.0;0.0;0.0;0.0;0.0;0.0;0.0;5469.0;0.0;0.0;0.0;a>b>c>d>e;21.8;0.0;0.0;15.6;0.0;0.0;5.4;148376.0;87926.0;60451.0;627.0;57.0;29.0;39.0
Mort•À_gua;5523.0;0.0;463.0;0.0;0.0;0.0;0.0;0.0;0.0;46.0;0.0;0.0;0.0;2563.0;0.0;0.0;0.0;0.0;0.0;0.0;0.0;0.0;0.0;0.0;0.0;0.0;0.0;2451.0;0.0;0.0;0.0;b>a>c>d>e;87.0;0.0;0.0;41.7;0.0;0.0;44.8;83749.0;46617.0;37131.0;194.0;15.0;6.0;14.0
Oliveira do Hospital;11952.0;0.0;512.0;0.0;0.0;0.0;0.0;0.0;0.0;347.0;0.0;0.0;0.0;2714.0;0.0;0.0;0.0;0.0;0.0;0.0;0.0;0.0;0.0;0.0;0.0;0.0;0.0;8379.0;0.0;0.0;0.0;b>a>c>d>e;40.6;0.0;0.0;27.0;0.0;0.0;13.6;148128.0;96364.0;51765.0;405.0;50.0;16.0;32.0
Pampilhosa da Serra;2704.0;0.0;0.0;0.0;0.0;0.0;0.0;0.0;0.0;29.0;0.0;0.0;0.0;2363.0;0.0;0.0;0.0;0.0;0.0;0.0;0.0;0.0;0.0;0.0;0.0;0.0;0.0;312.0;0.0;0.0;0.0;a>b>c>d>e;19.8;0.0;0.0;19.8;0.0;0.0;0.0;29763.0;20583.0;9180.0;91.0;6.0;0.0;0.0
Penacova;8070.0;0.0;0.0;0.0;0.0;0.0;0.0;0.0;0.0;502.0;0.0;0.0;0.0;0.0;3178.0;0.0;0.0;0.0;0.0;0.0;0.0;0.0;0.0;0.0;0.0;0.0;0.0;4390.0;0.0;0.0;0.0;a>b>c>d>e;29.2;0.0;0.0;22.7;0.0;0.0;6.5;83163.0;60920.0;22243.0;351.0;26.0;29.0;15.0
Penela;3185.0;0.0;43.0;0.0;0.0;0.0;0.0;0.0;0.0;74.0;0.0;0.0;0.0;1723.0;0.0;0.0;0.0;0.0;0.0;0.0;0.0;0.0;0.0;0.0;0.0;0.0;0.0;1345.0;0.0;0.0;0.0;b>a>c>d>e;145.0;0.0;0.0;44.7;0.0;0.0;100.4;30535.0;22680.0;7855.0;218.0;13.0;18.0;25.0
Soure;10077.0;0.0;0.0;0.0;0.0;0.0;851.0;0.0;0.0;1063.0;0.0;0.0;0.0;0.0;0.0;0.0;0.0;3960.0;0.0;0.0;0.0;0.0;0.0;0.0;0.0;0.0;0.0;4203.0;0.0;0.0;0.0;a>b>c>d>e;31.0;0.0;0.0;22.1;0.0;0.0;8.9;76959.0;51318.0;25641.0;383.0;29.0;13.0;37.0
T•À_bua;6255.0;0.0;0.0;0.0;0.0;0.0;0.0;0.0;0.0;514.0;0.0;0.0;0.0;0.0;1902.0;0.0;0.0;0.0;0.0;0.0;0.0;0.0;0.0;0.0;0.0;0.0;0.0;3839.0;0.0;0.0;0.0;a>b>c>d>e;34.6;0.0;0.0;20.4;0.0;0.0;14.2;79291.0;46097.0;33194.0;341.0;32.0;12.0;21.0
Vila Nova de Poiares;3525.0;0.0;95.0;0.0;0.0;0.0;0.0;0.0;0.0;99.0;0.0;0.0;0.0;1283.0;0.0;0.0;0.0;0.0;0.0;0.0;0.0;0.0;0.0;0.0;0.0;0.0;0.0;2048.0;0.0;0.0;0.0;b>a>c>d>e;19.4;0.0;0.0;19.4;0.0;0.0;0.0;47852.0;30114.0;17738.0;221.0;19.0;13.0;11.0
Alvai•À_zere;4082.0;0.0;724.0;0.0;0.0;0.0;0.0;0.0;0.0;45.0;0.0;0.0;0.0;2503.0;0.0;0.0;0.0;0.0;0.0;0.0;0.0;0.0;0.0;0.0;0.0;0.0;0.0;810.0;0.0;0.0;0.0;b>a>c>d>e;31.1;0.0;0.0;19.3;1.5;0.0;10.1;49831.0;30064.0;19767.0;192.0;9.0;12.0;31.0
Ansi•À_o;6940.0;0.0;228.0;0.0;0.0;0.0;0.0;0.0;0.0;220.0;0.0;0.0;0.0;3641.0;0.0;0.0;0.0;0.0;0.0;0.0;0.0;0.0;0.0;0.0;0.0;0.0;0.0;2851.0;0.0;0.0;0.0;b>a>c>d>e;17.8;0.0;0.0;17.8;0.0;0.0;0.0;110674.0;68415.0;42259.0;266.0;17.0;7.0;25.0
Batalha;6576.0;0.0;863.0;0.0;0.0;0.0;0.0;0.0;0.0;303.0;0.0;0.0;0.0;4210.0;0.0;0.0;0.0;0.0;0.0;0.0;0.0;0.0;0.0;0.0;0.0;0.0;0.0;1200.0;0.0;0.0;0.0;b>a>c>d>e;57.2;0.0;0.0;47.3;0.0;0.0;9.9;217645.0;108467.0;109178.0;542.0;24.0;58.0;57.0
Castanheira de P•À_ra;1954.0;0.0;70.0;0.0;0.0;0.0;311.0;0.0;0.0;34.0;0.0;0.0;0.0;634.0;0.0;0.0;0.0;0.0;0.0;0.0;0.0;0.0;0.0;0.0;0.0;0.0;0.0;905.0;0.0;0.0;0.0;b>a>c>d>e;25.1;0.0;0.0;25.1;0.0;0.0;0.0;0.0;0.0;0.0;113.0;10.0;6.0;5.0
Figueir•À_ dos Vinhos;4002.0;0.0;413.0;0.0;0.0;0.0;0.0;0.0;0.0;42.0;0.0;0.0;0.0;1764.0;0.0;0.0;0.0;0.0;0.0;0.0;0.0;0.0;0.0;0.0;0.0;0.0;0.0;1783.0;0.0;0.0;0.0;b>a>c>d>e;48.9;0.0;0.0;26.7;0.0;0.0;22.2;40099.0;24970.0;15128.0;202.0;10.0;13.0;13.0
Leiria;48900.0;1865.0;2639.0;0.0;0.0;0.0;0.0;0.0;0.0;2495.0;0.0;0.0;0.0;15735.0;0.0;0.0;0.0;0.0;0.0;0.0;0.0;0.0;0.0;0.0;0.0;0.0;0.0;26166.0;0.0;0.0;0.0;b>a>c>d>e;48.1;0.0;0.0;44.6;0.0;0.1;3.2;2353722.0;968148.0;1385574.0;3705.0;224.0;256.0;333.0
Marinha Grande;14607.0;442.0;169.0;0.0;0.0;0.0;3646.0;0.0;0.0;3925.0;0.0;0.0;0.0;1680.0;0.0;0.0;0.0;0.0;0.0;0.0;0.0;0.0;0.0;0.0;0.0;0.0;0.0;4745.0;0.0;0.0;0.0;a>b>c>d>e;45.8;0.0;0.0;36.9;0.6;0.0;7.5;447164.0;311236.0;135929.0;1357.0;109.0;94.0;92.0
Pedr•À_g•À_o Grande;2185.0;0.0;0.0;0.0;0.0;0.0;0.0;0.0;0.0;30.0;0.0;0.0;0.0;1309.0;0.0;0.0;0.0;0.0;0.0;0.0;0.0;0.0;0.0;0.0;0.0;0.0;0.0;846.0;0.0;0.0;0.0;a>b>c>d>e;22.8;0.0;0.0;22.8;0.0;0.0;0.0;28478.0;17933.0;10544.0;161.0;12.0;4.0;13.0
Pombal;22535.0;0.0;1528.0;0.0;0.0;0.0;0.0;0.0;0.0;789.0;0.0;0.0;0.0;13598.0;0.0;0.0;0.0;0.0;0.0;0.0;0.0;0.0;0.0;0.0;0.0;0.0;0.0;6620.0;0.0;0.0;0.0;b>a>c>d>e;30.5;0.0;0.0;24.6;0.0;0.0;5.3;599872.0;311806.0;288066.0;1346.0;73.0;47.0;142.0
Porto de M•À_s;11279.0;0.0;466.0;0.0;0.0;0.0;0.0;0.0;0.0;459.0;0.0;0.0;0.0;3371.0;0.0;0.0;0.0;0.0;0.0;0.0;0.0;0.0;0.0;0.0;0.0;0.0;0.0;6983.0;0.0;0.0;0.0;b>a>c>d>e;43.6;0.0;0.0;37.0;0.0;0.0;6.5;295418.0;152212.0;143206.0;603.0;28.0;29.0;79.0
Aguiar da Beira;4214.0;0.0;0.0;0.0;0.0;0.0;2231.0;0.0;0.0;34.0;0.0;0.0;0.0;1949.0;0.0;0.0;0.0;0.0;0.0;0.0;0.0;0.0;0.0;0.0;0.0;0.0;0.0;0.0;0.0;0.0;0.0;a>b>c>d>e;47.9;0.0;0.0;36.5;0.0;0.0;11.4;52941.0;31648.0;21293.0;110.0;5.0;0.0;3.0
Carregal do Sal;5137.0;0.0;300.0;0.0;0.0;0.0;0.0;0.0;0.0;97.0;0.0;0.0;0.0;1858.0;0.0;0.0;0.0;0.0;0.0;0.0;0.0;0.0;0.0;0.0;0.0;0.0;0.0;2882.0;0.0;0.0;0.0;b>a>c>d>e;47.4;0.0;0.0;31.3;0.0;0.0;16.1;71807.0;49850.0;21957.0;318.0;24.0;7.0;14.0
Castro Daire;9389.0;0.0;392.0;0.0;0.0;0.0;0.0;0.0;0.0;151.0;0.0;0.0;0.0;3508.0;0.0;0.0;0.0;0.0;0.0;0.0;0.0;0.0;0.0;0.0;0.0;0.0;0.0;5338.0;0.0;0.0;0.0;b>a>c>d>e;57.2;0.0;0.0;41.6;0.0;0.0;15.0;95470.0;71556.0;23914.0;304.0;12.0;15.0;32.0
Mangualde;10548.0;0.0;0.0;0.0;0.0;0.0;0.0;0.0;0.0;347.0;0.0;0.0;0.0;0.0;3016.0;0.0;0.0;0.0;0.0;0.0;0.0;0.0;0.0;0.0;0.0;0.0;0.0;7185.0;0.0;0.0;0.0;a>b>c>d>e;101.7;0.0;0.0;95.8;0.0;0.0;5.9;171897.0;114943.0;56954.0;543.0;31.0;28.0;23.0
Nelas;7336.0;0.0;0.0;0.0;0.0;0.0;0.0;0.0;0.0;343.0;0.0;0.0;0.0;0.0;3490.0;0.0;0.0;0.0;0.0;0.0;0.0;0.0;0.0;0.0;0.0;0.0;0.0;3503.0;0.0;0.0;0.0;a>b>c>d>e;20.6;0.0;0.0;8.1;0.0;0.0;12.5;105282.0;75883.0;29399.0;345.0;13.0;15.0;14.0
Oliveira de Frades;5416.0;225.0;0.0;0.0;0.0;0.0;0.0;0.0;0.0;158.0;0.0;0.0;0.0;0.0;4125.0;0.0;0.0;0.0;0.0;0.0;0.0;0.0;0.0;0.0;0.0;0.0;0.0;908.0;0.0;0.0;0.0;a>b>c>d>e;76.6;0.0;0.0;65.9;0.0;0.0;10.7;105387.0;60715.0;44673.0;256.0;20.0;7.0;13.0
Penalva do Castelo;5211.0;0.0;0.0;0.0;0.0;0.0;0.0;0.0;0.0;178.0;0.0;0.0;0.0;0.0;2265.0;0.0;0.0;0.0;0.0;0.0;0.0;0.0;0.0;0.0;0.0;0.0;0.0;2768.0;0.0;0.0;0.0;a>b>c>d>e;30.9;0.0;0.0;24.7;0.0;0.0;6.2;47568.0;34269.0;13299.0;136.0;11.0;0.0;7.0
Santa Comba D•À_o;6300.0;0.0;307.0;0.0;0.0;0.0;0.0;0.0;0.0;88.0;0.0;0.0;0.0;2657.0;0.0;0.0;0.0;0.0;0.0;0.0;0.0;0.0;0.0;0.0;0.0;0.0;0.0;3248.0;0.0;0.0;0.0;b>a>c>d>e;32.1;0.0;0.0;32.1;0.0;0.0;0.0;55605.0;37915.0;17690.0;250.0;23.0;16.0;15.0
S•À_o Pedro do Sul;10622.0;146.0;0.0;0.0;0.0;0.0;732.0;0.0;0.0;82.0;0.0;0.0;0.0;4164.0;0.0;0.0;0.0;0.0;0.0;0.0;0.0;0.0;0.0;0.0;0.0;0.0;0.0;5498.0;0.0;0.0;0.0;a>b>c>d>e;52.2;0.0;0.0;44.9;0.0;0.0;4.7;77754.0;49134.0;28620.0;344.0;21.0;17.0;33.0
S•À_t•À_o;7092.0;0.0;281.0;0.0;0.0;0.0;0.0;0.0;0.0;217.0;0.0;0.0;0.0;4096.0;0.0;0.0;0.0;0.0;0.0;0.0;0.0;0.0;0.0;0.0;0.0;0.0;0.0;2498.0;0.0;0.0;0.0;b>a>c>d>e;30.8;0.0;0.0;30.8;0.0;0.0;0.0;66241.0;49018.0;17223.0;223.0;11.0;5.0;11.0
Tondela;15079.0;0.0;1572.0;0.0;0.0;0.0;0.0;0.0;0.0;598.0;0.0;0.0;0.0;8720.0;0.0;0.0;0.0;0.0;0.0;0.0;0.0;0.0;0.0;0.0;0.0;0.0;0.0;4189.0;0.0;0.0;0.0;b>a>c>d>e;43.2;0.0;0.0;37.3;0.0;0.0;5.9;223350.0;136574.0;86775.0;582.0;39.0;30.0;37.0
Vila Nova de Paiva;3240.0;0.0;264.0;0.0;0.0;0.0;0.0;0.0;0.0;59.0;0.0;0.0;0.0;1026.0;0.0;0.0;0.0;0.0;0.0;0.0;0.0;0.0;0.0;0.0;0.0;0.0;0.0;1891.0;0.0;0.0;0.0;b>a>c>d>e;59.5;0.0;0.0;59.5;0.0;0.0;0.0;30371.0;19718.0;10653.0;124.0;6.0;0.0;31.0
Viseu;41811.0;1752.0;4414.0;0.0;0.0;0.0;0.0;0.0;0.0;1857.0;0.0;0.0;0.0;21402.0;0.0;0.0;0.0;0.0;0.0;0.0;0.0;0.0;0.0;0.0;0.0;0.0;0.0;12386.0;0.0;0.0;0.0;b>a>c>d>e;50.8;0.4;0.0;41.3;0.0;0.0;8.7;1845722.0;736814.0;1108909.0;3153.0;248.0;285.0;124.0
Vouzela;6414.0;223.0;180.0;0.0;0.0;0.0;0.0;0.0;0.0;76.0;0.0;0.0;0.0;3329.0;0.0;0.0;0.0;0.0;0.0;0.0;0.0;0.0;0.0;0.0;0.0;0.0;0.0;2606.0;0.0;0.0;0.0;a>b>c>d>e;93.5;0.1;0.0;31.2;0.0;0.0;56.9;43014.0;27170.0;15844.0;249.0;20.0;3.0;16.0
Castelo Branco;24116.0;665.0;777.0;0.0;0.0;0.0;0.0;0.0;0.0;1363.0;0.0;0.0;0.0;5207.0;0.0;0.0;0.0;0.0;0.0;0.0;0.0;0.0;0.0;0.0;0.0;0.0;0.0;16104.0;0.0;0.0;0.0;b>a>c>d>e;8.1;0.0;0.0;0.0;0.0;0.0;8.1;709536.0;416975.0;292560.0;1599.0;144.0;71.0;67.0
Idanha-a-Nova;5820.0;0.0;230.0;0.0;0.0;0.0;286.0;0.0;0.0;339.0;0.0;0.0;0.0;920.0;0.0;0.0;0.0;0.0;0.0;0.0;0.0;0.0;0.0;0.0;0.0;0.0;0.0;4045.0;0.0;0.0;0.0;b>a>c>d>e;87.1;0.1;0.0;38.8;0.1;0.0;45.4;64432.0;31268.0;33164.0;356.0;14.0;11.0;14.0
Oleiros;3755.0;0.0;0.0;0.0;0.0;0.0;1614.0;0.0;0.0;54.0;0.0;0.0;0.0;2087.0;0.0;0.0;0.0;0.0;0.0;0.0;0.0;0.0;0.0;0.0;0.0;0.0;0.0;0.0;0.0;0.0;0.0;a>b>c>d>e;50.4;0.0;0.0;32.0;0.0;0.0;18.4;42869.0;24843.0;18027.0;91.0;6.0;4.0;6.0
Penamacor;3588.0;0.0;340.0;0.0;0.0;0.0;0.0;0.0;0.0;77.0;0.0;0.0;0.0;0.0;0.0;0.0;0.0;0.0;0.0;1142.0;0.0;0.0;0.0;0.0;0.0;0.0;0.0;2029.0;0.0;0.0;0.0;b>a>c>d>e;69.3;0.0;0.0;32.5;0.0;0.0;36.8;0.0;0.0;0.0;186.0;14.0;0.0;15.0
Proen•À_a-a-Nova;4818.0;0.0;0.0;0.0;0.0;0.0;0.0;0.0;0.0;100.0;0.0;0.0;0.0;980.0;0.0;0.0;0.0;0.0;0.0;0.0;0.0;0.0;0.0;0.0;0.0;0.0;0.0;3738.0;0.0;0.0;0.0;a>b>c>d>e;59.6;0.0;0.0;27.7;0.0;0.0;31.9;74990.0;49015.0;25975.0;119.0;0.0;10.0;10.0
Vila Velha de R•À_d•À_o;2148.0;0.0;59.0;0.0;0.0;0.0;0.0;0.0;0.0;81.0;0.0;0.0;0.0;459.0;0.0;0.0;0.0;0.0;0.0;0.0;0.0;0.0;0.0;0.0;0.0;0.0;0.0;1549.0;0.0;0.0;0.0;b>a>c>d>e;24.1;0.0;0.0;24.1;0.0;0.0;0.0;0.0;0.0;0.0;95.0;4.0;0.0;15.0
Abrantes;16685.0;1185.0;1089.0;0.0;0.0;0.0;0.0;0.0;0.0;2400.0;0.0;0.0;0.0;3389.0;0.0;0.0;0.0;0.0;0.0;0.0;0.0;0.0;0.0;0.0;0.0;0.0;0.0;8622.0;0.0;0.0;0.0;a>b>c>d>e;4.8;0.0;0.0;0.0;0.0;0.0;4.8;360239.0;242453.0;117785.0;883.0;51.0;26.0;46.0
Alcanena;6975.0;0.0;0.0;0.0;0.0;0.0;1102.0;0.0;0.0;514.0;0.0;0.0;0.0;0.0;2178.0;0.0;0.0;0.0;0.0;0.0;0.0;0.0;0.0;0.0;0.0;0.0;0.0;3181.0;0.0;0.0;0.0;a>b>c>d>e;125.5;0.0;0.0;61.2;0.0;0.0;63.8;97449.0;55863.0;41586.0;415.0;24.0;18.0;36.0
Const•À_ncia;2270.0;0.0;0.0;210.0;0.0;0.0;0.0;0.0;0.0;1080.0;0.0;0.0;0.0;80.0;0.0;0.0;0.0;0.0;0.0;0.0;0.0;0.0;0.0;0.0;0.0;0.0;0.0;900.0;0.0;0.0;0.0;c>a>b>d>e;122.0;0.0;0.0;72.8;0.0;0.0;29.7;90659.0;69190.0;21469.0;172.0;9.0;9.0;7.0
Entroncamento;7779.0;931.0;522.0;0.0;0.0;0.0;0.0;0.0;0.0;968.0;0.0;0.0;0.0;1768.0;0.0;0.0;0.0;0.0;0.0;0.0;0.0;0.0;0.0;0.0;0.0;0.0;0.0;3590.0;0.0;0.0;0.0;a>b>c>d>e;34.6;0.0;0.0;33.4;0.0;0.0;1.2;267443.0;181670.0;85773.0;485.0;41.0;19.0;28.0
Ferreira do Z•À_zere;4989.0;0.0;125.0;0.0;0.0;0.0;0.0;0.0;0.0;96.0;0.0;0.0;0.0;2527.0;0.0;0.0;0.0;0.0;0.0;0.0;0.0;0.0;0.0;0.0;0.0;0.0;0.0;2241.0;0.0;0.0;0.0;b>a>c>d>e;57.6;0.0;0.0;26.8;0.0;0.0;30.8;38442.0;28867.0;9575.0;291.0;18.0;14.0;31.0
Ma•À_•À_o;4723.0;0.0;110.0;0.0;0.0;0.0;0.0;0.0;0.0;183.0;0.0;0.0;0.0;2642.0;0.0;0.0;0.0;0.0;0.0;0.0;0.0;0.0;0.0;0.0;0.0;0.0;0.0;1788.0;0.0;0.0;0.0;b>a>c>d>e;84.2;0.0;0.0;41.2;0.0;0.0;43.0;35844.0;22231.0;13613.0;192.0;12.0;4.0;17.0
Our•À_m;21587.0;0.0;0.0;0.0;0.0;0.0;2680.0;0.0;0.0;741.0;0.0;0.0;0.0;0.0;9023.0;0.0;0.0;0.0;0.0;0.0;0.0;0.0;0.0;0.0;0.0;0.0;0.0;9143.0;0.0;0.0;0.0;a>b>c>d>e;72.1;0.0;0.0;72.1;0.0;0.0;0.0;556288.0;318448.0;237840.0;1267.0;62.0;45.0;185.0
Sardoal;2468.0;0.0;0.0;0.0;0.0;0.0;497.0;0.0;0.0;66.0;0.0;0.0;0.0;1284.0;0.0;0.0;0.0;0.0;0.0;0.0;0.0;0.0;0.0;0.0;0.0;0.0;0.0;621.0;0.0;0.0;0.0;a>b>c>d>e;287.7;0.0;0.0;63.7;0.0;0.0;224.2;36748.0;25341.0;11407.0;99.0;3.0;5.0;9.0
Sert•À_;8803.0;0.0;384.0;0.0;0.0;0.0;160.0;0.0;0.0;141.0;0.0;0.0;0.0;5776.0;0.0;0.0;0.0;0.0;0.0;0.0;0.0;0.0;0.0;0.0;0.0;0.0;0.0;2342.0;0.0;0.0;0.0;b>a>c>d>e;64.6;0.0;0.0;23.7;0.0;0.0;40.9;158224.0;98350.0;59874.0;413.0;34.0;31.0;14.0
Tomar;18112.0;585.0;560.0;0.0;0.0;0.0;3094.0;1369.0;0.0;1827.0;0.0;0.0;0.0;5198.0;0.0;0.0;0.0;0.0;0.0;0.0;0.0;0.0;0.0;0.0;0.0;0.0;0.0;5479.0;0.0;0.0;0.0;a>b>c>d>e;62.0;0.0;0.0;30.4;0.0;0.0;30.5;382031.0;273464.0;108567.0;1581.0;125.0;79.0;125.0
Torres Novas;15597.0;1697.0;587.0;0.0;0.0;0.0;0.0;0.0;0.0;2742.0;0.0;0.0;0.0;2931.0;0.0;0.0;0.0;0.0;0.0;0.0;0.0;0.0;0.0;0.0;0.0;0.0;0.0;7640.0;0.0;0.0;0.0;a>b>c>d>e;49.9;0.0;0.0;44.0;0.0;0.0;6.0;592688.0;318200.0;274488.0;1126.0;77.0;62.0;87.0
Vila de Rei;1986.0;0.0;172.0;0.0;0.0;0.0;0.0;0.0;0.0;54.0;0.0;0.0;0.0;1096.0;0.0;0.0;0.0;0.0;0.0;0.0;0.0;0.0;0.0;0.0;0.0;0.0;0.0;664.0;0.0;0.0;0.0;b>a>c>d>e;42.3;0.0;0.0;42.3;0.0;0.0;0.0;25120.0;16823.0;8297.0;92.0;0.0;11.0;8.0
Vila Nova da Barquinha;3419.0;0.0;153.0;0.0;0.0;0.0;0.0;0.0;0.0;513.0;0.0;0.0;0.0;649.0;0.0;0.0;0.0;0.0;0.0;0.0;0.0;0.0;0.0;0.0;0.0;0.0;0.0;2104.0;0.0;0.0;0.0;b>a>c>d>e;46.1;0.0;0.0;35.9;0.4;0.0;9.7;34499.0;27220.0;7279.0;189.0;5.0;12.0;0.0
Almeida;4678.0;0.0;0.0;0.0;0.0;0.0;0.0;0.0;0.0;170.0;0.0;0.0;0.0;0.0;2793.0;0.0;0.0;0.0;0.0;0.0;0.0;0.0;0.0;0.0;0.0;0.0;0.0;1715.0;0.0;0.0;0.0;a>b>c>d>e;95.4;0.0;0.0;79.2;0.0;0.0;16.2;37230.0;24671.0;12559.0;248.0;13.0;13.0;7.0
Belmonte;3765.0;0.0;103.0;0.0;0.0;0.0;1064.0;0.0;0.0;300.0;0.0;0.0;0.0;0.0;0.0;0.0;0.0;0.0;0.0;0.0;0.0;0.0;0.0;0.0;0.0;0.0;0.0;2298.0;0.0;0.0;0.0;b>a>c>d>e;49.1;0.0;0.0;27.0;0.0;0.0;22.1;43601.0;30173.0;13429.0;263.0;17.0;11.0;17.0
Celorico da Beira;5383.0;0.0;0.0;0.0;0.0;0.0;0.0;0.0;0.0;78.0;0.0;0.0;0.0;0.0;2317.0;0.0;0.0;0.0;0.0;0.0;0.0;0.0;0.0;0.0;0.0;0.0;0.0;2951.0;0.0;0.0;37.0;a>b>c>d>e;59.4;0.0;0.0;33.8;0.0;0.0;25.5;51495.0;38732.0;12763.0;260.0;23.0;5.0;31.0
Covilh•À_;26920.0;503.0;0.0;0.0;0.0;0.0;8144.0;0.0;0.0;3166.0;0.0;0.0;0.0;4318.0;0.0;0.0;0.0;0.0;0.0;0.0;0.0;0.0;0.0;0.0;0.0;0.0;0.0;10789.0;0.0;0.0;0.0;a>b>c>d>e;9.6;0.0;0.0;9.6;0.0;0.0;0.0;372129.0;267847.0;104281.0;1109.0;82.0;39.0;47.0
Figueira de Castelo Rodrigo;4329.0;0.0;0.0;0.0;0.0;0.0;0.0;0.0;0.0;34.0;0.0;0.0;0.0;1743.0;0.0;0.0;0.0;0.0;0.0;0.0;0.0;0.0;0.0;0.0;0.0;0.0;0.0;2552.0;0.0;0.0;0.0;a>b>c>d>e;101.8;0.0;0.0;86.6;0.0;0.0;15.2;40024.0;27255.0;12769.0;253.0;15.0;8.0;4.0
Fornos de Algodres;3627.0;0.0;212.0;0.0;0.0;0.0;0.0;0.0;0.0;31.0;0.0;0.0;0.0;1613.0;0.0;0.0;0.0;0.0;0.0;0.0;0.0;0.0;0.0;0.0;0.0;0.0;0.0;1771.0;0.0;0.0;0.0;b>a>c>d>e;38.3;0.0;0.0;27.7;0.0;0.0;10.6;31370.0;15118.0;16252.0;126.0;5.0;0.0;5.0
Fund•À_o;14686.0;0.0;463.0;0.0;0.0;0.0;0.0;0.0;0.0;1186.0;0.0;0.0;0.0;8572.0;0.0;0.0;0.0;0.0;0.0;0.0;0.0;0.0;0.0;0.0;0.0;0.0;0.0;4134.0;0.0;0.0;331.0;b>a>c>d>e;287.1;0.0;0.0;272.3;1.1;0.0;12.3;216859.0;124885.0;91974.0;806.0;40.0;26.0;33.0
Gouveia;8547.0;0.0;0.0;0.0;0.0;0.0;0.0;0.0;0.0;385.0;0.0;0.0;0.0;0.0;4619.0;0.0;0.0;0.0;0.0;0.0;0.0;0.0;0.0;0.0;0.0;0.0;0.0;3543.0;0.0;0.0;0.0;a>b>c>d>e;52.3;0.0;0.0;44.1;0.0;0.0;6.6;70120.0;46399.0;23720.0;393.0;23.0;18.0;15.0
Guarda;21817.0;871.0;0.0;0.0;0.0;0.0;0.0;0.0;0.0;925.0;576.0;0.0;0.0;0.0;12222.0;0.0;0.0;0.0;0.0;0.0;0.0;0.0;0.0;0.0;0.0;0.0;0.0;7223.0;0.0;0.0;0.0;a>b>c>d>e;72.9;0.0;0.0;55.5;0.0;0.0;13.6;404846.0;248873.0;155973.0;846.0;64.0;33.0;23.0
Manteigas;2335.0;0.0;0.0;0.0;0.0;0.0;0.0;0.0;0.0;97.0;0.0;0.0;0.0;1144.0;0.0;0.0;0.0;0.0;0.0;0.0;0.0;0.0;0.0;0.0;0.0;0.0;0.0;1094.0;0.0;0.0;0.0;a>b>c>d>e;42.4;0.0;0.0;36.4;0.0;0.0;6.3;0.0;0.0;0.0;97.0;14.0;5.0;0.0
M•À_da;3782.0;0.0;1186.0;0.0;0.0;0.0;0.0;0.0;0.0;34.0;0.0;0.0;0.0;704.0;0.0;0.0;0.0;0.0;0.0;0.0;0.0;0.0;0.0;455.0;0.0;0.0;0.0;1403.0;0.0;0.0;0.0;b>a>c>d>e;44.3;0.0;0.0;39.1;0.0;0.0;5.2;0.0;0.0;0.0;173.0;3.0;4.0;6.0
Pinhel;6106.0;0.0;531.0;0.0;0.0;0.0;0.0;0.0;0.0;127.0;0.0;0.0;0.0;3542.0;0.0;0.0;0.0;0.0;0.0;0.0;0.0;0.0;0.0;0.0;0.0;0.0;0.0;1906.0;0.0;0.0;0.0;b>a>c>d>e;45.2;0.0;0.0;31.8;0.0;0.0;13.4;43640.0;23611.0;20029.0;235.0;8.0;0.0;6.0
Sabugal;8125.0;0.0;382.0;0.0;0.0;0.0;0.0;0.0;0.0;152.0;0.0;0.0;0.0;3944.0;0.0;0.0;0.0;0.0;0.0;0.0;0.0;0.0;0.0;0.0;0.0;0.0;0.0;3405.0;0.0;0.0;242.0;b>a>c>d>e;65.3;0.0;0.0;43.1;0.0;0.0;22.3;57526.0;32935.0;24591.0;254.0;7.0;0.0;28.0
Seia;12839.0;0.0;0.0;0.0;0.0;0.0;0.0;0.0;0.0;1014.0;0.0;0.0;0.0;0.0;4042.0;0.0;0.0;0.0;0.0;0.0;0.0;0.0;0.0;0.0;0.0;0.0;0.0;7783.0;0.0;0.0;0.0;a>b>c>d>e;71.3;0.5;0.0;38.0;0.0;0.0;32.6;205555.0;117050.0;88505.0;800.0;51.0;23.0;33.0
Trancoso;6461.0;0.0;127.0;0.0;0.0;0.0;0.0;0.0;0.0;87.0;0.0;0.0;0.0;2513.0;0.0;0.0;0.0;0.0;0.0;0.0;0.0;0.0;0.0;0.0;0.0;0.0;0.0;3734.0;0.0;0.0;0.0;b>a>c>d>e;37.5;0.0;0.0;37.4;0.0;0.1;0.0;68300.0;43472.0;24828.0;292.0;22.0;7.0;12.0
Alcochete;6583.0;0.0;975.0;0.0;0.0;0.0;0.0;0.0;0.0;3830.0;0.0;0.0;0.0;575.0;0.0;0.0;0.0;0.0;0.0;0.0;0.0;0.0;0.0;0.0;0.0;0.0;0.0;1203.0;0.0;0.0;0.0;b>a>c>d>e;27.2;0.0;0.0;25.3;0.0;0.0;1.9;217510.0;154822.0;62687.0;588.0;39.0;72.0;28.0
Almada;55294.0;3250.0;1502.0;0.0;0.0;0.0;0.0;0.0;1408.0;23466.0;1332.0;0.0;0.0;8440.0;0.0;0.0;0.0;0.0;0.0;0.0;0.0;0.0;0.0;0.0;0.0;0.0;0.0;15586.0;0.0;0.0;310.0;a>b>c>d>e;60.2;0.3;0.0;43.8;0.0;0.0;6.3;2928529.0;1823191.0;1105338.0;7200.0;416.0;750.0;726.0
Amadora;54199.0;3231.0;0.0;0.0;0.0;0.0;0.0;0.0;0.0;11459.0;910.0;0.0;0.0;0.0;10797.0;0.0;0.0;0.0;0.0;0.0;0.0;0.0;0.0;0.0;0.0;0.0;0.0;27203.0;0.0;0.0;599.0;a>b>c>d>e;35.4;0.0;0.0;33.9;0.0;0.5;0.4;2172684.0;1350519.0;822165.0;7246.0;275.0;590.0;166.0
Barreiro;29507.0;1961.0;413.0;0.0;0.0;0.0;0.0;0.0;0.0;14380.0;1028.0;0.0;0.0;2848.0;0.0;0.0;0.0;0.0;0.0;0.0;0.0;0.0;0.0;0.0;0.0;0.0;0.0;8877.0;0.0;0.0;0.0;a>b>c>d>e;50.2;0.0;0.0;43.8;0.0;0.0;0.0;897171.0;634990.0;262181.0;3341.0;214.0;172.0;191.0
Cascais;59598.0;2997.0;0.0;0.0;0.0;0.0;4985.0;0.0;0.0;7366.0;576.0;0.0;0.0;0.0;28004.0;0.0;0.0;0.0;0.0;0.0;0.0;0.0;0.0;0.0;0.0;629.0;0.0;14140.0;0.0;0.0;901.0;a>b>c>d>e;134.4;0.8;0.0;121.9;0.0;0.0;10.3;3092899.0;1783893.0;1309007.0;6809.0;450.0;927.0;591.0
Lisboa;212890.0;10533.0;0.0;0.0;0.0;0.0;0.0;0.0;5227.0;22519.0;2378.0;0.0;1182.0;0.0;0.0;51156.0;0.0;0.0;0.0;0.0;0.0;0.0;0.0;0.0;0.0;2814.0;0.0;116425.0;0.0;0.0;656.0;a>b>c>d>e;137.9;0.0;0.0;88.0;0.0;0.7;48.8;93473115.0;15788252.0;77684863.0;36903.0;1464.0;3579.0;1027.0
Loures;75916.0;2594.0;2522.0;0.0;0.0;0.0;0.0;0.0;0.0;28572.0;2387.0;0.0;542.0;0.0;0.0;0.0;0.0;0.0;0.0;0.0;13164.0;0.0;0.0;0.0;0.0;0.0;0.0;25699.0;0.0;0.0;436.0;a>b>c>d>e;36.8;0.8;0.0;23.3;0.0;0.2;8.7;2157074.0;1255195.0;901879.0;7270.0;654.0;540.0;288.0
Mafra;26836.0;0.0;0.0;0.0;1194.0;0.0;0.0;0.0;0.0;3514.0;0.0;0.0;0.0;14049.0;0.0;0.0;0.0;0.0;0.0;0.0;0.0;0.0;0.0;0.0;0.0;0.0;0.0;8079.0;0.0;0.0;0.0;d>a>b>c>e;51.5;0.0;0.0;34.7;0.0;0.0;7.2;946675.0;685891.0;260783.0;2196.0;94.0;284.0;205.0
Moita;22274.0;2022.0;470.0;0.0;0.0;0.0;0.0;0.0;568.0;10918.0;660.0;0.0;0.0;1483.0;0.0;0.0;0.0;0.0;0.0;0.0;0.0;0.0;0.0;0.0;0.0;0.0;0.0;5947.0;0.0;0.0;206.0;a>b>c>d>e;18.5;0.0;0.0;16.1;0.0;0.0;1.9;587262.0;428089.0;159173.0;2619.0;201.0;192.0;160.0
Montijo;15185.0;1085.0;479.0;0.0;0.0;0.0;0.0;0.0;0.0;4300.0;427.0;0.0;0.0;4168.0;0.0;0.0;0.0;0.0;0.0;0.0;0.0;0.0;0.0;0.0;0.0;0.0;0.0;4726.0;0.0;0.0;0.0;a>b>c>d>e;74.3;0.0;0.0;72.2;0.0;0.0;2.1;837269.0;494678.0;342591.0;2188.0;93.0;124.0;96.0
Odivelas;47698.0;2632.0;0.0;0.0;2179.0;0.0;0.0;0.0;0.0;11196.0;750.0;0.0;0.0;9726.0;0.0;0.0;0.0;0.0;0.0;0.0;0.0;0.0;0.0;0.0;0.0;0.0;0.0;20821.0;0.0;0.0;394.0;a>d>b>c>e;15.8;0.0;0.0;9.4;0.0;0.2;6.1;1397567.0;1055005.0;342561.0;3742.0;332.0;420.0;188.0
Oeiras;62847.0;2554.0;2631.0;0.0;0.0;0.0;23071.0;0.0;1841.0;6309.0;402.0;0.0;0.0;13215.0;0.0;0.0;0.0;0.0;0.0;0.0;0.0;0.0;0.0;0.0;0.0;0.0;0.0;12638.0;0.0;0.0;186.0;b>a>c>d>e;46.2;0.0;0.0;45.2;0.0;0.0;0.0;29702768.0;4538622.0;25164146.0;5231.0;483.0;454.0;190.0
Palmela;17953.0;1047.0;0.0;0.0;0.0;0.0;0.0;0.0;0.0;9255.0;0.0;0.0;0.0;0.0;2252.0;0.0;0.0;0.0;0.0;0.0;0.0;0.0;0.0;0.0;0.0;0.0;0.0;5010.0;0.0;0.0;389.0;a>b>c>d>e;56.5;0.0;0.0;50.9;0.0;0.0;5.6;595390.0;430920.0;164470.0;3192.0;119.0;133.0;340.0
Seixal;47066.0;3439.0;1438.0;0.0;0.0;0.0;0.0;0.0;0.0;22658.0;717.0;0.0;0.0;5611.0;0.0;0.0;0.0;0.0;0.0;0.0;0.0;0.0;0.0;0.0;0.0;0.0;0.0;12409.0;0.0;0.0;794.0;a>b>c>d>e;44.9;0.0;0.0;37.2;0.0;0.0;6.6;1405081.0;1075954.0;329128.0;5102.0;389.0;325.0;324.0
Sesimbra;14144.0;860.0;0.0;0.0;0.0;0.0;1349.0;0.0;454.0;6536.0;0.0;0.0;0.0;0.0;1523.0;0.0;0.0;0.0;0.0;0.0;0.0;0.0;0.0;0.0;0.0;0.0;0.0;3422.0;0.0;0.0;0.0;a>b>c>d>e;96.6;0.0;0.0;73.5;0.0;0.0;16.9;486622.0;351596.0;135026.0;2387.0;184.0;237.0;219.0
Set•À_bal;36919.0;2267.0;0.0;0.0;0.0;0.0;0.0;0.0;1132.0;16801.0;986.0;0.0;0.0;0.0;5150.0;0.0;0.0;0.0;0.0;0.0;0.0;0.0;0.0;0.0;0.0;0.0;0.0;10583.0;0.0;0.0;0.0;a>b>c>d>e;39.0;0.0;0.0;17.5;0.0;0.0;21.4;1882947.0;1004594.0;878353.0;5005.0;260.0;419.0;318.0
Sintra;111725.0;5552.0;0.0;0.0;0.0;0.0;33991.0;0.0;2371.0;15362.0;2500.0;1272.0;748.0;0.0;0.0;16945.0;0.0;0.0;0.0;0.0;0.0;0.0;0.0;0.0;0.0;0.0;0.0;32984.0;0.0;0.0;0.0;a>b>c>d>e;73.1;0.0;0.0;65.8;0.0;0.0;5.2;3902386.0;2755891.0;1146495.0;11495.0;487.0;1315.0;557.0
Vila Franca de Xira;44384.0;2801.0;1530.0;0.0;0.0;0.0;0.0;0.0;0.0;14957.0;0.0;0.0;0.0;0.0;0.0;0.0;0.0;0.0;0.0;0.0;6640.0;0.0;0.0;0.0;0.0;0.0;0.0;18456.0;0.0;0.0;0.0;a>b>c>d>e;17.4;0.0;0.0;17.4;0.0;0.0;0.0;2110895.0;1394438.0;716457.0;3795.0;322.0;298.0;117.0
Alc•À_cer do Sal;6423.0;200.0;157.0;0.0;0.0;0.0;0.0;0.0;0.0;3624.0;0.0;0.0;0.0;222.0;0.0;0.0;0.0;0.0;0.0;0.0;0.0;0.0;0.0;0.0;0.0;0.0;0.0;2220.0;0.0;0.0;0.0;a>b>c>d>e;52.6;0.0;0.0;52.6;0.0;0.0;0.0;132160.0;66464.0;65696.0;390.0;17.0;29.0;18.0
Gr•À_ndola;7854.0;88.0;0.0;0.0;0.0;0.0;3042.0;0.0;0.0;2806.0;0.0;0.0;0.0;0.0;0.0;0.0;0.0;0.0;0.0;0.0;0.0;0.0;0.0;0.0;0.0;0.0;0.0;1918.0;0.0;0.0;0.0;a>b>c>d>e;75.1;0.0;0.0;50.2;0.0;0.0;23.8;149129.0;90227.0;58901.0;735.0;27.0;71.0;88.0
Odemira;12409.0;416.0;0.0;0.0;0.0;0.0;0.0;0.0;0.0;3893.0;0.0;0.0;0.0;0.0;1333.0;0.0;0.0;0.0;0.0;0.0;0.0;0.0;0.0;0.0;0.0;0.0;0.0;6767.0;0.0;0.0;0.0;a>b>c>d>e;41.9;0.0;0.0;41.9;0.0;0.0;0.0;236743.0;106956.0;129787.0;863.0;39.0;54.0;70.0
Santiago do Cac•À_m;12026.0;475.0;276.0;0.0;0.0;0.0;0.0;0.0;0.0;5930.0;0.0;0.0;0.0;1879.0;0.0;0.0;0.0;0.0;0.0;0.0;0.0;0.0;0.0;0.0;0.0;0.0;0.0;3466.0;0.0;0.0;0.0;a>b>c>d>e;65.6;0.0;0.0;62.4;0.0;0.0;3.2;396874.0;222248.0;174626.0;722.0;44.0;28.0;32.0
Sines;6570.0;0.0;94.0;0.0;0.0;0.0;1572.0;0.0;0.0;1084.0;0.0;0.0;0.0;278.0;0.0;0.0;0.0;0.0;0.0;0.0;0.0;0.0;0.0;0.0;0.0;0.0;0.0;3542.0;0.0;0.0;0.0;b>a>c>d>e;69.5;0.0;0.0;62.9;0.0;0.0;6.5;296782.0;180768.0;116014.0;599.0;38.0;47.0;29.0
Aljustrel;6156.0;0.0;0.0;0.0;0.0;0.0;0.0;0.0;0.0;2431.0;0.0;0.0;0.0;0.0;78.0;0.0;0.0;0.0;0.0;0.0;0.0;0.0;0.0;0.0;0.0;0.0;0.0;3647.0;0.0;0.0;0.0;a>b>c>d>e;48.3;0.0;0.0;48.3;0.0;0.0;0.0;94716.0;52180.0;42535.0;239.0;18.0;5.0;0.0
Almod•À_var;4823.0;51.0;0.0;0.0;0.0;0.0;1544.0;0.0;0.0;110.0;0.0;0.0;0.0;1357.0;0.0;0.0;0.0;0.0;0.0;0.0;0.0;0.0;0.0;0.0;0.0;0.0;0.0;1761.0;0.0;0.0;0.0;a>b>c>d>e;69.9;0.0;0.0;40.7;0.0;0.0;29.2;78299.0;55530.0;22769.0;167.0;6.0;4.0;5.0
Alvito;1352.0;0.0;0.0;0.0;0.0;0.0;0.0;0.0;0.0;640.0;0.0;0.0;0.0;0.0;271.0;0.0;0.0;0.0;0.0;0.0;0.0;0.0;0.0;0.0;0.0;0.0;0.0;441.0;0.0;0.0;0.0;a>b>c>d>e;16.9;0.0;0.0;16.9;0.0;0.0;0.0;0.0;0.0;0.0;60.0;3.0;0.0;0.0
Barrancos;1054.0;0.0;0.0;0.0;0.0;0.0;0.0;0.0;0.0;611.0;0.0;0.0;0.0;0.0;0.0;0.0;0.0;0.0;0.0;0.0;0.0;0.0;0.0;0.0;0.0;0.0;0.0;443.0;0.0;0.0;0.0;a>b>c>d>e;145.4;0.0;0.0;23.1;0.0;0.0;121.1;0.0;0.0;0.0;60.0;3.0;0.0;0.0
Beja;16387.0;0.0;0.0;0.0;0.0;0.0;750.0;0.0;0.0;7438.0;0.0;0.0;0.0;0.0;1064.0;0.0;0.0;0.0;0.0;0.0;0.0;0.0;0.0;0.0;0.0;0.0;0.0;7135.0;0.0;0.0;0.0;a>b>c>d>e;62.5;0.0;0.0;59.3;0.0;0.0;3.2;674885.0;340888.0;333997.0;1034.0;61.0;38.0;24.0
Castro Verde;3761.0;0.0;0.0;0.0;0.0;0.0;0.0;0.0;0.0;2151.0;0.0;0.0;0.0;0.0;209.0;0.0;0.0;0.0;0.0;0.0;0.0;0.0;0.0;0.0;0.0;0.0;0.0;1401.0;0.0;0.0;0.0;a>b>c>d>e;55.7;0.0;0.0;44.2;0.0;0.0;11.5;74124.0;50434.0;23691.0;148.0;15.0;11.0;4.0
Cuba;2975.0;0.0;0.0;0.0;0.0;0.0;0.0;0.0;0.0;1747.0;0.0;0.0;0.0;0.0;84.0;0.0;0.0;0.0;0.0;0.0;0.0;0.0;0.0;0.0;0.0;0.0;0.0;1144.0;0.0;0.0;0.0;a>b>c>d>e;54.7;0.0;0.0;46.1;0.0;0.0;8.6;30177.0;19939.0;10238.0;162.0;8.0;3.0;13.0
Ferreira do Alentejo;4203.0;0.0;0.0;0.0;0.0;0.0;0.0;0.0;0.0;1429.0;0.0;0.0;0.0;0.0;424.0;0.0;0.0;0.0;0.0;0.0;0.0;0.0;0.0;0.0;0.0;0.0;0.0;2350.0;0.0;0.0;0.0;a>b>c>d>e;71.1;0.0;0.0;59.3;0.0;0.0;7.7;69282.0;35789.0;33493.0;280.0;16.0;9.0;27.0
M•À_rtola;4773.0;0.0;0.0;0.0;0.0;0.0;171.0;0.0;0.0;2159.0;0.0;0.0;0.0;0.0;53.0;0.0;0.0;0.0;0.0;0.0;0.0;0.0;0.0;0.0;0.0;0.0;0.0;2390.0;0.0;0.0;0.0;a>b>c>d>e;100.6;0.0;0.0;100.6;0.0;0.0;0.0;41385.0;29667.0;11719.0;184.0;7.0;11.0;7.0
Moura;6917.0;0.0;0.0;0.0;0.0;0.0;0.0;0.0;0.0;3089.0;0.0;0.0;0.0;0.0;761.0;0.0;0.0;0.0;0.0;0.0;0.0;0.0;0.0;0.0;0.0;0.0;0.0;3067.0;0.0;0.0;0.0;a>b>c>d>e;76.7;0.0;0.0;67.8;0.0;0.0;8.9;154484.0;99316.0;55169.0;437.0;33.0;31.0;15.0
Ourique;3407.0;0.0;0.0;0.0;0.0;0.0;0.0;0.0;0.0;461.0;0.0;0.0;0.0;0.0;732.0;0.0;0.0;0.0;0.0;0.0;0.0;0.0;0.0;0.0;0.0;0.0;0.0;2214.0;0.0;0.0;0.0;a>b>c>d>e;40.9;0.0;0.0;22.6;0.0;0.6;17.8;51504.0;25433.0;26071.0;208.0;8.0;10.0;15.0
Serpa;7405.0;237.0;0.0;0.0;0.0;0.0;0.0;0.0;0.0;4040.0;0.0;0.0;0.0;389.0;0.0;0.0;0.0;0.0;0.0;0.0;0.0;0.0;0.0;0.0;0.0;0.0;0.0;2739.0;0.0;0.0;0.0;a>b>c>d>e;61.0;0.0;0.0;61.0;0.0;0.0;0.0;132165.0;59335.0;72831.0;353.0;21.0;12.0;23.0
Vidigueira;3107.0;0.0;0.0;0.0;0.0;0.0;0.0;0.0;0.0;1656.0;0.0;0.0;0.0;0.0;248.0;0.0;0.0;0.0;0.0;0.0;0.0;0.0;0.0;0.0;0.0;0.0;0.0;1203.0;0.0;0.0;0.0;a>b>c>d>e;79.5;0.0;0.0;46.4;0.0;0.0;33.3;69793.0;32067.0;37726.0;304.0;13.0;4.0;12.0
Almeirim;9584.0;0.0;0.0;0.0;0.0;0.0;1313.0;0.0;0.0;1162.0;0.0;0.0;0.0;0.0;0.0;1162.0;0.0;0.0;0.0;0.0;0.0;0.0;0.0;0.0;0.0;0.0;0.0;5947.0;0.0;0.0;0.0;a>b>c>d>e;26.0;0.0;0.0;26.0;0.0;0.0;0.0;300957.0;195592.0;105365.0;879.0;19.0;46.0;55.0
Alpiar•À_a;3742.0;0.0;0.0;0.0;0.0;0.0;0.0;0.0;0.0;2139.0;0.0;0.0;0.0;0.0;0.0;0.0;0.0;0.0;0.0;755.0;0.0;0.0;0.0;0.0;0.0;0.0;0.0;848.0;0.0;0.0;0.0;a>b>c>d>e;125.6;0.0;0.0;56.9;0.0;0.0;68.8;38167.0;25673.0;12495.0;239.0;13.0;15.0;27.0
Azambuja;8660.0;0.0;0.0;0.0;0.0;0.0;0.0;0.0;0.0;2417.0;0.0;0.0;0.0;0.0;0.0;0.0;2262.0;0.0;0.0;0.0;0.0;0.0;0.0;0.0;0.0;0.0;0.0;3981.0;0.0;0.0;0.0;a>b>c>d>e;40.6;0.0;0.0;40.6;0.0;0.0;0.0;174463.0;122936.0;51527.0;821.0;47.0;45.0;64.0
Benavente;8543.0;0.0;310.0;0.0;0.0;0.0;0.0;0.0;0.0;4818.0;0.0;0.0;0.0;1620.0;0.0;0.0;0.0;0.0;0.0;0.0;0.0;0.0;0.0;0.0;0.0;0.0;0.0;1795.0;0.0;0.0;0.0;b>a>c>d>e;52.4;0.0;0.0;52.4;0.0;0.0;0.0;319672.0;223835.0;95837.0;1488.0;64.0;124.0;116.0
Cartaxo;10629.0;313.0;118.0;0.0;0.0;0.0;2821.0;0.0;0.0;1032.0;0.0;0.0;0.0;2212.0;0.0;0.0;0.0;0.0;0.0;0.0;0.0;0.0;0.0;0.0;0.0;0.0;0.0;4133.0;0.0;0.0;0.0;a>b>c>d>e;41.7;0.0;0.0;8.5;0.0;0.0;33.2;269874.0;178506.0;91367.0;896.0;44.0;25.0;66.0
Chamusca;5076.0;184.0;0.0;0.0;0.0;0.0;0.0;0.0;0.0;1721.0;0.0;0.0;0.0;0.0;1376.0;0.0;0.0;0.0;0.0;0.0;0.0;0.0;0.0;0.0;0.0;0.0;0.0;1795.0;0.0;0.0;0.0;a>b>c>d>e;150.3;0.0;0.0;54.3;0.0;0.0;96.0;70285.0;46500.0;23784.0;456.0;25.0;10.0;17.0
Coruche;9539.0;149.0;287.0;0.0;0.0;0.0;0.0;0.0;0.0;2572.0;0.0;0.0;0.0;1171.0;0.0;0.0;0.0;0.0;0.0;0.0;0.0;0.0;0.0;0.0;0.0;0.0;0.0;5360.0;0.0;0.0;0.0;b>a>c>d>e;79.5;0.0;0.0;41.8;0.0;0.0;37.7;158146.0;89828.0;68318.0;643.0;26.0;29.0;48.0
Goleg•À_;3234.0;0.0;0.0;0.0;0.0;0.0;1168.0;0.0;0.0;252.0;0.0;0.0;0.0;0.0;510.0;0.0;0.0;0.0;0.0;0.0;0.0;0.0;0.0;0.0;0.0;0.0;0.0;1304.0;0.0;0.0;0.0;a>b>c>d>e;61.0;0.0;0.0;37.8;12.7;0.0;10.2;45709.0;30383.0;15326.0;174.0;5.0;7.0;0.0
Rio Maior;9878.0;249.0;0.0;0.0;0.0;0.0;741.0;0.0;0.0;1616.0;0.0;0.0;0.0;0.0;5190.0;0.0;0.0;0.0;0.0;0.0;0.0;0.0;0.0;0.0;0.0;0.0;0.0;2082.0;0.0;0.0;0.0;a>b>c>d>e;35.0;0.0;0.0;26.2;0.0;0.0;8.7;246103.0;166785.0;79318.0;777.0;40.0;51.0;72.0
Salvaterra de Magos;8006.0;2329.0;0.0;0.0;0.0;0.0;928.0;0.0;0.0;978.0;0.0;0.0;0.0;0.0;943.0;0.0;0.0;0.0;0.0;0.0;0.0;0.0;0.0;0.0;0.0;0.0;0.0;2828.0;0.0;0.0;0.0;a>b>c>d>e;34.7;0.0;0.0;29.2;0.0;0.0;5.5;151990.0;88215.0;63775.0;822.0;40.0;23.0;59.0
Santar•À_m;25630.0;797.0;717.0;0.0;0.0;0.0;1086.0;0.0;0.0;2872.0;0.0;0.0;0.0;11196.0;0.0;0.0;0.0;0.0;0.0;0.0;0.0;0.0;0.0;0.0;0.0;0.0;0.0;8962.0;0.0;0.0;0.0;a>b>c>d>e;49.5;0.0;0.0;34.7;0.0;0.0;13.9;1019753.0;501588.0;518165.0;2042.0;135.0;132.0;155.0
Alter do Ch•À_o;2023.0;0.0;108.0;0.0;0.0;0.0;0.0;0.0;0.0;291.0;0.0;0.0;0.0;861.0;0.0;0.0;0.0;0.0;0.0;0.0;0.0;0.0;0.0;0.0;0.0;0.0;0.0;763.0;0.0;0.0;0.0;b>a>c>d>e;126.4;25.6;0.0;58.9;0.0;0.0;42.2;0.0;0.0;0.0;94.0;13.0;0.0;0.0
Arronches;2166.0;0.0;0.0;0.0;0.0;0.0;0.0;0.0;0.0;74.0;0.0;0.0;0.0;1154.0;0.0;0.0;0.0;0.0;0.0;0.0;0.0;0.0;0.0;0.0;0.0;0.0;0.0;938.0;0.0;0.0;0.0;a>b>c>d>e;81.9;0.0;0.0;40.8;0.0;0.0;41.1;0.0;0.0;0.0;30.0;4.0;0.0;0.0
Avis;2635.0;0.0;0.0;0.0;0.0;0.0;0.0;0.0;0.0;1418.0;0.0;0.0;0.0;373.0;0.0;0.0;0.0;0.0;0.0;0.0;0.0;0.0;0.0;0.0;0.0;0.0;0.0;844.0;0.0;0.0;0.0;a>b>c>d>e;23.7;0.0;0.0;23.7;0.0;0.0;0.0;42677.0;28801.0;13875.0;227.0;11.0;6.0;6.0
Campo Maior;5287.0;39.0;0.0;0.0;0.0;0.0;0.0;1430.0;0.0;320.0;0.0;0.0;0.0;89.0;0.0;0.0;0.0;0.0;0.0;0.0;0.0;0.0;0.0;0.0;0.0;0.0;0.0;3409.0;0.0;0.0;0.0;a>b>c>d>e;58.4;0.0;0.0;58.4;0.0;0.0;0.0;76782.0;53958.0;22824.0;299.0;17.0;7.0;28.0
Castelo de Vide;2107.0;0.0;0.0;0.0;0.0;0.0;0.0;0.0;0.0;97.0;0.0;0.0;0.0;1305.0;0.0;0.0;0.0;0.0;0.0;0.0;0.0;0.0;0.0;0.0;0.0;0.0;0.0;705.0;0.0;0.0;0.0;a>b>c>d>e;86.2;0.0;0.0;63.6;0.0;0.0;22.6;27076.0;16352.0;10724.0;49.0;4.0;0.0;3.0
Crato;2440.0;0.0;0.0;0.0;0.0;0.0;0.0;0.0;0.0;947.0;0.0;0.0;0.0;432.0;0.0;0.0;0.0;0.0;0.0;0.0;0.0;0.0;0.0;0.0;0.0;0.0;0.0;1061.0;0.0;0.0;0.0;a>b>c>d>e;70.6;0.0;0.0;43.0;0.0;0.0;27.3;28111.0;15435.0;12677.0;99.0;7.0;0.0;0.0
Elvas;9106.0;176.0;1124.0;0.0;0.0;0.0;0.0;0.0;0.0;461.0;0.0;0.0;0.0;0.0;0.0;0.0;0.0;0.0;0.0;0.0;0.0;686.0;0.0;0.0;0.0;0.0;0.0;6659.0;0.0;0.0;0.0;b>a>c>d>e;41.8;0.0;0.0;37.4;0.0;0.0;4.4;283992.0;160223.0;123769.0;911.0;53.0;35.0;14.0
Fronteira;2072.0;0.0;13.0;0.0;0.0;0.0;0.0;0.0;0.0;144.0;0.0;0.0;0.0;1449.0;0.0;0.0;0.0;0.0;0.0;0.0;0.0;0.0;0.0;0.0;0.0;0.0;0.0;466.0;0.0;0.0;0.0;b>a>c>d>e;33.8;0.0;0.0;33.8;0.0;0.0;0.0;48368.0;21072.0;27296.0;49.0;6.0;0.0;3.0
Gavi•À_o;2502.0;0.0;0.0;0.0;0.0;0.0;0.0;0.0;0.0;310.0;0.0;0.0;0.0;858.0;0.0;0.0;0.0;0.0;0.0;0.0;0.0;0.0;0.0;0.0;0.0;0.0;0.0;1334.0;0.0;0.0;0.0;a>b>c>d>e;162.5;0.0;0.0;43.8;0.0;0.0;119.0;34279.0;23093.0;11186.0;123.0;8.0;0.0;0.0
Marv•À_o;2130.0;0.0;24.0;0.0;0.0;0.0;0.0;0.0;0.0;60.0;0.0;0.0;0.0;1375.0;0.0;0.0;0.0;0.0;0.0;0.0;0.0;0.0;0.0;0.0;0.0;0.0;0.0;671.0;0.0;0.0;0.0;b>a>c>d>e;40.0;0.0;0.0;40.0;0.0;0.0;0.0;13267.0;9132.0;4134.0;72.0;4.0;3.0;0.0
Monforte;1952.0;0.0;0.0;0.0;0.0;0.0;0.0;0.0;0.0;952.0;0.0;0.0;0.0;0.0;181.0;0.0;0.0;0.0;0.0;0.0;0.0;0.0;0.0;0.0;0.0;0.0;0.0;819.0;0.0;0.0;0.0;a>b>c>d>e;98.5;0.0;0.0;60.3;0.0;0.0;21.2;36421.0;22991.0;13431.0;51.0;5.0;0.0;0.0
Nisa;4283.0;0.0;0.0;0.0;0.0;0.0;148.0;0.0;0.0;1434.0;0.0;0.0;0.0;0.0;1146.0;0.0;0.0;0.0;0.0;0.0;0.0;0.0;0.0;0.0;0.0;0.0;0.0;1555.0;0.0;0.0;0.0;a>b>c>d>e;99.0;0.0;0.0;77.7;0.0;0.0;19.2;43152.0;28413.0;14739.0;161.0;14.0;0.0;3.0
Ponte de Sor;8524.0;332.0;330.0;0.0;0.0;0.0;0.0;0.0;0.0;1886.0;0.0;0.0;0.0;794.0;0.0;0.0;0.0;0.0;0.0;0.0;0.0;0.0;0.0;0.0;0.0;0.0;0.0;5182.0;0.0;0.0;0.0;a>b>c>d>e;49.0;0.0;0.0;47.0;0.0;0.0;2.0;168685.0;85509.0;83177.0;502.0;31.0;12.0;26.0
Portalegre;12381.0;111.0;0.0;0.0;0.0;0.0;5514.0;0.0;0.0;2275.0;0.0;0.0;0.0;0.0;1377.0;0.0;0.0;0.0;0.0;0.0;0.0;0.0;0.0;0.0;0.0;0.0;0.0;3104.0;0.0;0.0;0.0;a>b>c>d>e;31.5;0.0;0.0;31.5;0.0;0.0;0.0;286502.0;190256.0;96246.0;521.0;66.0;20.0;19.0
Sousel;2920.0;0.0;0.0;0.0;0.0;0.0;0.0;0.0;0.0;637.0;0.0;0.0;0.0;1425.0;0.0;0.0;0.0;0.0;0.0;0.0;0.0;0.0;0.0;0.0;0.0;0.0;0.0;858.0;0.0;0.0;0.0;a>b>c>d>e;32.0;0.0;0.0;32.0;0.0;0.0;0.0;41390.0;15014.0;26376.0;56.0;0.0;3.0;4.0
Alandroal;3911.0;57.0;0.0;0.0;0.0;0.0;838.0;0.0;0.0;2172.0;0.0;0.0;0.0;146.0;0.0;0.0;0.0;0.0;0.0;0.0;0.0;0.0;0.0;0.0;0.0;0.0;0.0;698.0;0.0;0.0;0.0;a>b>c>d>e;49.7;0.0;0.0;49.7;0.0;0.0;0.0;32341.0;19685.0;12656.0;78.0;3.0;0.0;3.0
Arraiolos;3821.0;0.0;49.0;0.0;0.0;0.0;0.0;0.0;0.0;2215.0;0.0;0.0;0.0;190.0;0.0;0.0;0.0;0.0;0.0;0.0;0.0;0.0;0.0;0.0;0.0;0.0;0.0;1367.0;0.0;0.0;0.0;b>a>c>d>e;42.3;0.0;0.0;41.7;0.0;0.0;0.7;51865.0;34877.0;16988.0;134.0;8.0;7.0;8.0
Borba;4307.0;0.0;0.0;0.0;0.0;0.0;1642.0;0.0;0.0;791.0;0.0;0.0;0.0;831.0;0.0;0.0;0.0;0.0;0.0;0.0;0.0;0.0;0.0;0.0;0.0;0.0;0.0;1043.0;0.0;0.0;0.0;a>b>c>d>e;36.1;0.0;0.0;27.5;0.0;0.0;8.6;68894.0;42767.0;26127.0;111.0;11.0;3.0;10.0
Estremoz;7079.0;0.0;100.0;0.0;0.0;0.0;3848.0;0.0;0.0;634.0;0.0;0.0;0.0;384.0;0.0;0.0;0.0;0.0;0.0;0.0;0.0;0.0;0.0;0.0;0.0;0.0;0.0;2113.0;0.0;0.0;0.0;b>a>c>d>e;29.0;0.0;0.0;20.5;0.0;0.0;8.5;190664.0;100968.0;89696.0;286.0;31.0;16.0;9.0
•À_vora;22419.0;934.0;0.0;0.0;0.0;0.0;0.0;0.0;0.0;11776.0;0.0;0.0;0.0;0.0;3510.0;0.0;0.0;0.0;0.0;0.0;0.0;0.0;0.0;0.0;0.0;0.0;0.0;6199.0;0.0;0.0;0.0;a>b>c>d>e;60.3;0.0;0.0;51.6;0.0;0.0;8.7;1090330.0;513837.0;576492.0;1842.0;135.0;137.0;70.0
Montemor-o-Novo;8611.0;0.0;401.0;0.0;0.0;0.0;0.0;0.0;0.0;4740.0;0.0;0.0;0.0;585.0;0.0;0.0;0.0;0.0;0.0;0.0;0.0;0.0;0.0;0.0;0.0;0.0;0.0;2885.0;0.0;0.0;0.0;b>a>c>d>e;62.3;0.0;0.0;59.5;0.0;0.0;1.8;163457.0;93983.0;69475.0;489.0;21.0;11.0;22.0
Mora;2677.0;0.0;0.0;0.0;0.0;0.0;0.0;0.0;0.0;1917.0;0.0;0.0;0.0;0.0;241.0;0.0;0.0;0.0;0.0;0.0;0.0;0.0;0.0;0.0;0.0;0.0;0.0;519.0;0.0;0.0;0.0;a>b>c>d>e;74.5;0.0;0.0;52.1;0.0;0.0;5.7;61289.0;29546.0;31743.0;173.0;14.0;10.0;11.0
Mour•À_o;1736.0;0.0;0.0;0.0;0.0;0.0;0.0;0.0;0.0;156.0;0.0;0.0;0.0;0.0;743.0;0.0;0.0;0.0;0.0;0.0;0.0;0.0;0.0;0.0;0.0;0.0;0.0;837.0;0.0;0.0;0.0;a>b>c>d>e;63.6;0.0;0.0;48.2;0.0;0.0;15.3;23580.0;13334.0;10247.0;75.0;9.0;4.0;0.0
Portel;3889.0;0.0;0.0;0.0;0.0;73.0;0.0;0.0;0.0;1224.0;0.0;0.0;0.0;0.0;0.0;0.0;0.0;0.0;0.0;0.0;0.0;0.0;0.0;0.0;0.0;0.0;0.0;2592.0;0.0;0.0;0.0;e>a>b>c>d;70.9;0.0;0.0;55.1;0.0;0.0;16.0;34983.0;23587.0;11396.0;125.0;11.0;5.0;0.0
Redondo;3470.0;0.0;0.0;0.0;0.0;267.0;1930.0;0.0;0.0;503.0;0.0;0.0;0.0;0.0;0.0;0.0;0.0;0.0;0.0;0.0;0.0;0.0;0.0;0.0;0.0;0.0;0.0;770.0;0.0;0.0;0.0;e>a>b>c>d;40.1;0.0;0.0;40.1;0.0;0.0;0.0;63219.0;36153.0;27066.0;182.0;23.0;0.0;3.0
Reguengos de Monsaraz;4524.0;0.0;0.0;0.0;0.0;0.0;0.0;0.0;0.0;787.0;0.0;0.0;0.0;0.0;447.0;0.0;0.0;0.0;0.0;0.0;0.0;0.0;0.0;0.0;0.0;0.0;0.0;3290.0;0.0;0.0;0.0;a>b>c>d>e;59.9;0.0;0.0;59.9;0.0;0.0;0.0;144999.0;99832.0;45167.0;326.0;18.0;11.0;7.0
Vendas Novas;5175.0;0.0;0.0;0.0;0.0;0.0;0.0;0.0;0.0;2151.0;0.0;0.0;0.0;641.0;0.0;0.0;0.0;0.0;0.0;0.0;0.0;0.0;0.0;0.0;0.0;0.0;0.0;2383.0;0.0;0.0;0.0;a>b>c>d>e;51.0;0.0;0.0;45.9;0.0;0.0;3.1;162314.0;115121.0;47193.0;401.0;26.0;9.0;9.0
Viana do Alentejo;2983.0;0.0;0.0;0.0;0.0;0.0;0.0;0.0;0.0;962.0;0.0;0.0;0.0;145.0;0.0;0.0;0.0;0.0;0.0;0.0;0.0;0.0;0.0;0.0;0.0;0.0;0.0;1876.0;0.0;0.0;0.0;a>b>c>d>e;39.3;0.0;0.0;39.3;0.0;0.0;0.0;92360.0;65169.0;27191.0;138.0;9.0;3.0;3.0
Vila Vi•À_osa;4722.0;0.0;0.0;0.0;0.0;0.0;959.0;0.0;0.0;2125.0;0.0;0.0;0.0;0.0;443.0;0.0;0.0;0.0;0.0;0.0;0.0;0.0;0.0;0.0;0.0;0.0;0.0;1195.0;0.0;0.0;0.0;a>b>c>d>e;91.9;0.0;0.0;88.2;0.0;0.0;3.8;110218.0;63061.0;47157.0;85.0;8.0;0.0;5.0
Albufeira;12329.0;0.0;0.0;0.0;347.0;0.0;1534.0;0.0;0.0;1317.0;0.0;0.0;0.0;4847.0;0.0;0.0;0.0;0.0;0.0;0.0;0.0;0.0;0.0;0.0;0.0;0.0;0.0;4284.0;0.0;0.0;0.0;d>a>b>c>e;290.1;0.0;0.0;288.4;0.0;0.0;0.2;813129.0;459111.0;354018.0;3420.0;121.0;254.0;550.0
Alcoutim;2051.0;0.0;0.0;0.0;0.0;0.0;0.0;0.0;0.0;54.0;0.0;0.0;0.0;906.0;0.0;0.0;0.0;0.0;0.0;0.0;0.0;0.0;0.0;0.0;0.0;0.0;0.0;1091.0;0.0;0.0;0.0;a>b>c>d>e;17.2;0.0;0.0;17.2;0.0;0.0;0.0;22970.0;13192.0;9777.0;77.0;0.0;12.0;3.0
Aljezur;2446.0;0.0;0.0;0.0;0.0;0.0;0.0;0.0;0.0;373.0;0.0;0.0;0.0;422.0;0.0;0.0;0.0;0.0;0.0;0.0;0.0;0.0;0.0;0.0;0.0;0.0;0.0;1651.0;0.0;0.0;0.0;a>b>c>d>e;131.8;0.0;0.0;85.3;0.0;0.0;46.2;33750.0;19750.0;14000.0;270.0;8.0;44.0;7.0
Castro Marim;3775.0;80.0;24.0;0.0;0.0;0.0;0.0;0.0;0.0;116.0;0.0;0.0;0.0;1863.0;0.0;0.0;0.0;0.0;0.0;0.0;0.0;0.0;0.0;0.0;0.0;0.0;0.0;1692.0;0.0;0.0;0.0;a>b>c>d>e;101.0;0.0;0.0;85.9;0.0;0.0;11.0;29880.0;17372.0;12509.0;245.0;7.0;21.0;25.0
Faro;22261.0;1180.0;0.0;0.0;0.0;0.0;1404.0;0.0;0.0;3122.0;0.0;0.0;0.0;0.0;0.0;0.0;8306.0;0.0;0.0;0.0;0.0;0.0;0.0;0.0;0.0;0.0;338.0;7911.0;0.0;0.0;0.0;a>b>c>d>e;19.3;0.0;0.0;0.0;0.0;0.0;19.3;1879470.0;752830.0;1126640.0;2968.0;165.0;260.0;205.0
Lagoa;8597.0;468.0;0.0;0.0;0.0;0.0;0.0;0.0;0.0;700.0;0.0;0.0;0.0;3608.0;0.0;0.0;0.0;0.0;0.0;0.0;0.0;0.0;0.0;0.0;0.0;0.0;0.0;3821.0;0.0;0.0;0.0;a>b>c>d>e;91.5;0.0;0.0;91.5;0.0;0.0;0.0;308691.0;190795.0;117896.0;1360.0;53.0;164.0;237.0
Lagos;10464.0;435.0;0.0;730.0;0.0;0.0;1542.0;0.0;0.0;1584.0;0.0;0.0;0.0;1982.0;0.0;0.0;0.0;0.0;0.0;0.0;0.0;0.0;0.0;0.0;0.0;191.0;0.0;4000.0;0.0;0.0;0.0;c>a>b>d>e;102.1;0.0;0.0;96.5;0.0;0.0;5.3;524260.0;325845.0;198415.0;1551.0;58.0;249.0;140.0
Loul•À_;24871.0;0.0;564.0;0.0;0.0;0.0;723.0;0.0;0.0;1204.0;0.0;0.0;0.0;9389.0;0.0;0.0;0.0;0.0;0.0;0.0;0.0;0.0;0.0;0.0;0.0;0.0;0.0;12991.0;0.0;0.0;0.0;b>a>c>d>e;58.5;0.0;0.0;38.5;0.0;0.0;20.0;1426160.0;774840.0;651319.0;3791.0;148.0;236.0;663.0
Monchique;3482.0;0.0;0.0;0.0;0.0;0.0;385.0;0.0;0.0;181.0;0.0;0.0;0.0;1737.0;0.0;0.0;0.0;0.0;0.0;0.0;0.0;0.0;0.0;0.0;0.0;0.0;0.0;1179.0;0.0;0.0;0.0;a>b>c>d>e;124.4;0.0;0.0;76.6;0.0;0.0;47.8;24731.0;17691.0;7041.0;180.0;0.0;18.0;23.0
Olh•À_o;14359.0;1471.0;492.0;0.0;0.0;0.0;946.0;0.0;0.0;1869.0;364.0;0.0;0.0;4115.0;0.0;0.0;0.0;0.0;0.0;0.0;0.0;0.0;0.0;0.0;0.0;0.0;0.0;5102.0;0.0;0.0;0.0;a>b>c>d>e;104.2;0.0;0.0;72.5;0.0;0.4;19.0;399389.0;263566.0;135823.0;1930.0;138.0;139.0;212.0
Portim•À_o;17744.0;2419.0;0.0;0.0;3735.0;0.0;0.0;0.0;0.0;2385.0;0.0;0.0;0.0;3284.0;0.0;0.0;0.0;0.0;0.0;0.0;0.0;0.0;0.0;0.0;0.0;0.0;0.0;5921.0;0.0;0.0;0.0;d>a>b>c>e;5.6;0.0;0.0;0.0;0.0;0.3;4.6;1082638.0;581817.0;500822.0;2596.0;125.0;220.0;122.0
S•À_o Br•À_s de Alportel;4856.0;0.0;94.0;0.0;0.0;0.0;0.0;0.0;0.0;389.0;0.0;0.0;0.0;2052.0;0.0;0.0;0.0;0.0;0.0;0.0;0.0;0.0;0.0;0.0;0.0;0.0;0.0;2321.0;0.0;0.0;0.0;b>a>c>d>e;89.8;0.0;0.0;61.6;0.0;0.0;23.2;95678.0;66616.0;29062.0;400.0;12.0;16.0;94.0
Silves;14689.0;806.0;0.0;0.0;0.0;0.0;0.0;0.0;0.0;5495.0;0.0;0.0;0.0;4329.0;0.0;0.0;0.0;0.0;0.0;0.0;0.0;0.0;0.0;0.0;0.0;0.0;0.0;4059.0;0.0;0.0;0.0;a>b>c>d>e;46.9;0.0;0.0;34.1;0.0;0.0;12.8;342828.0;178698.0;164130.0;1832.0;72.0;73.0;177.0
Tavira;11658.0;515.0;0.0;0.0;0.0;0.0;0.0;0.0;0.0;866.0;0.0;0.0;0.0;0.0;0.0;0.0;4517.0;0.0;0.0;0.0;0.0;0.0;0.0;0.0;0.0;0.0;0.0;5760.0;0.0;0.0;0.0;a>b>c>d>e;70.5;0.0;0.0;7.2;0.0;0.0;37.2;360539.0;191187.0;169352.0;1043.0;47.0;116.0;161.0
Vila do Bispo;2668.0;0.0;0.0;0.0;0.0;0.0;0.0;0.0;0.0;117.0;0.0;0.0;0.0;934.0;0.0;0.0;0.0;0.0;0.0;0.0;0.0;0.0;0.0;0.0;0.0;0.0;0.0;1617.0;0.0;0.0;0.0;a>b>c>d>e;197.9;0.0;0.0;152.7;0.0;0.0;45.2;32017.0;19096.0;12921.0;369.0;10.0;138.0;19.0
Vila Real de Santo Ant•À_nio;8352.0;333.0;98.0;0.0;0.0;0.0;0.0;0.0;0.0;1147.0;0.0;0.0;0.0;4740.0;0.0;0.0;0.0;0.0;0.0;0.0;0.0;0.0;0.0;0.0;0.0;0.0;0.0;2034.0;0.0;0.0;0.0;a>b>c>d>e;85.8;0.0;0.0;82.7;0.0;0.0;2.4;291558.0;201885.0;89673.0;745.0;61.0;60.0;35.0
Vila do Porto;3027.0;0.0;0.0;0.0;0.0;0.0;0.0;0.0;0.0;69.0;0.0;0.0;0.0;1971.0;0.0;0.0;0.0;0.0;0.0;0.0;0.0;0.0;0.0;0.0;0.0;0.0;0.0;987.0;0.0;0.0;0.0;a>b>c>d>e;15.8;0.0;0.0;15.8;0.0;0.0;0.0;52611.0;21802.0;30809.0;124.0;17.0;0.0;8.0
Lagoa [R.A.A.];5951.0;0.0;327.0;0.0;0.0;0.0;0.0;0.0;0.0;113.0;0.0;0.0;0.0;1280.0;0.0;0.0;0.0;0.0;0.0;0.0;0.0;0.0;0.0;0.0;0.0;0.0;0.0;4231.0;0.0;0.0;0.0;b>a>c>d>e;26.9;0.0;0.0;26.9;0.0;0.0;0.0;117854.0;67353.0;50501.0;505.0;48.0;16.0;19.0
Nordeste;3415.0;0.0;0.0;0.0;0.0;0.0;0.0;0.0;0.0;0.0;0.0;0.0;0.0;1657.0;0.0;0.0;0.0;0.0;0.0;0.0;0.0;0.0;0.0;0.0;0.0;0.0;0.0;1758.0;0.0;0.0;0.0;a>b>c>d>e;55.6;0.0;0.0;55.6;0.0;0.0;0.0;51023.0;25590.0;25433.0;132.0;14.0;3.0;6.0
Ponta Delgada;28363.0;629.0;249.0;0.0;0.0;0.0;0.0;0.0;0.0;612.0;0.0;0.0;0.0;14604.0;0.0;0.0;0.0;0.0;0.0;0.0;0.0;0.0;0.0;0.0;0.0;0.0;0.0;12269.0;0.0;0.0;0.0;a>b>c>d>e;54.5;0.4;0.0;49.9;0.0;0.0;3.7;1755410.0;603049.0;1152361.0;3463.0;311.0;217.0;166.0
Povoa•À_•À_o;3848.0;0.0;0.0;0.0;0.0;0.0;0.0;0.0;0.0;0.0;0.0;0.0;0.0;1222.0;0.0;0.0;0.0;0.0;0.0;0.0;0.0;0.0;0.0;0.0;0.0;0.0;0.0;2626.0;0.0;0.0;0.0;a>b>c>d>e;23.3;0.0;0.0;21.7;0.0;0.0;1.6;57541.0;30120.0;27421.0;201.0;24.0;4.0;8.0
Ribeira Grande;14351.0;486.0;0.0;0.0;0.0;0.0;0.0;0.0;0.0;215.0;0.0;0.0;0.0;7790.0;0.0;0.0;0.0;0.0;0.0;0.0;0.0;0.0;0.0;0.0;0.0;0.0;0.0;5860.0;0.0;0.0;0.0;a>b>c>d>e;39.3;0.0;0.0;37.4;0.0;0.1;1.8;243819.0;121673.0;122146.0;1851.0;193.0;113.0;136.0
Vila Franca do Campo;6169.0;0.0;0.0;0.0;0.0;0.0;460.0;0.0;0.0;42.0;0.0;0.0;0.0;0.0;0.0;0.0;0.0;0.0;0.0;0.0;0.0;2576.0;0.0;0.0;0.0;0.0;0.0;3091.0;0.0;0.0;0.0;a>b>c>d>e;37.5;0.0;0.0;37.3;0.0;0.0;0.3;116016.0;79331.0;36685.0;283.0;29.0;11.0;8.0
Angra do Hero•À_smo;16044.0;529.0;0.0;0.0;0.0;0.0;0.0;0.0;0.0;391.0;0.0;0.0;0.0;0.0;7414.0;0.0;0.0;0.0;0.0;0.0;0.0;0.0;0.0;0.0;0.0;0.0;0.0;7710.0;0.0;0.0;0.0;a>b>c>d>e;5.0;0.0;0.0;3.2;0.0;0.0;1.9;598505.0;328548.0;269958.0;1310.0;104.0;81.0;82.0
Vila da Praia da Vit•À_ria;8492.0;123.0;528.0;0.0;0.0;0.0;0.0;0.0;0.0;86.0;0.0;0.0;0.0;2203.0;0.0;0.0;0.0;0.0;0.0;0.0;0.0;0.0;0.0;0.0;0.0;0.0;0.0;5552.0;0.0;0.0;0.0;b>a>c>d>e;3.7;0.0;0.0;0.0;2.0;0.0;0.0;187850.0;97866.0;89984.0;625.0;57.0;31.0;65.0
Santa Cruz da Graciosa;2694.0;0.0;0.0;0.0;0.0;0.0;186.0;0.0;0.0;0.0;0.0;0.0;0.0;1006.0;0.0;0.0;0.0;0.0;0.0;0.0;0.0;0.0;0.0;0.0;0.0;0.0;0.0;1502.0;0.0;0.0;0.0;a>b>c>d>e;46.1;0.0;0.0;44.9;0.0;0.0;0.9;38467.0;13889.0;24579.0;123.0;14.0;0.0;5.0
Calheta [R.A.A.];2474.0;0.0;0.0;0.0;0.0;0.0;1044.0;0.0;0.0;0.0;0.0;0.0;0.0;702.0;0.0;0.0;0.0;0.0;0.0;0.0;0.0;0.0;0.0;0.0;0.0;0.0;0.0;728.0;0.0;0.0;0.0;a>b>c>d>e;9.7;0.0;0.0;9.7;0.0;0.0;0.0;46332.0;10458.0;35874.0;82.0;3.0;3.0;4.0
Velas;3367.0;0.0;1716.0;0.0;0.0;0.0;0.0;0.0;0.0;0.0;0.0;0.0;0.0;937.0;0.0;0.0;0.0;0.0;0.0;0.0;0.0;0.0;0.0;0.0;0.0;0.0;0.0;714.0;0.0;0.0;0.0;b>a>c>d>e;26.9;0.0;0.0;26.4;0.4;0.0;0.0;95244.0;38986.0;56258.0;247.0;12.0;3.0;14.0
Lajes do Pico;3225.0;0.0;148.0;0.0;0.0;0.0;0.0;0.0;0.0;0.0;0.0;0.0;0.0;1376.0;0.0;0.0;0.0;0.0;0.0;0.0;0.0;0.0;0.0;0.0;0.0;0.0;0.0;1701.0;0.0;0.0;0.0;b>a>c>d>e;40.8;0.0;0.0;26.6;0.0;6.2;8.1;47313.0;19298.0;28015.0;105.0;9.0;3.0;4.0
Madalena;3778.0;0.0;146.0;0.0;0.0;0.0;0.0;0.0;0.0;50.0;0.0;0.0;0.0;1827.0;0.0;0.0;0.0;0.0;0.0;0.0;0.0;0.0;0.0;0.0;0.0;0.0;0.0;1755.0;0.0;0.0;0.0;b>a>c>d>e;4.8;0.0;0.0;4.8;0.0;0.0;0.0;86094.0;37153.0;48942.0;214.0;13.0;3.0;9.0
S•À_o Roque do Pico;2119.0;0.0;91.0;0.0;0.0;0.0;0.0;0.0;0.0;0.0;0.0;0.0;0.0;1004.0;0.0;0.0;0.0;0.0;0.0;0.0;0.0;0.0;0.0;0.0;0.0;0.0;0.0;1024.0;0.0;0.0;0.0;b>a>c>d>e;39.5;0.0;0.0;34.4;0.0;0.0;5.0;35855.0;19955.0;15900.0;135.0;15.0;0.0;11.0
Horta;7652.0;303.0;0.0;0.0;0.0;0.0;0.0;0.0;0.0;413.0;0.0;0.0;0.0;0.0;0.0;0.0;0.0;2729.0;0.0;0.0;0.0;0.0;0.0;0.0;0.0;0.0;0.0;4207.0;0.0;0.0;0.0;a>b>c>d>e;133.7;0.0;0.0;133.7;0.0;0.0;0.0;249798.0;126758.0;123040.0;442.0;45.0;10.0;15.0
Lajes das Flores;1034.0;0.0;0.0;0.0;0.0;0.0;0.0;0.0;0.0;0.0;0.0;0.0;0.0;477.0;0.0;0.0;0.0;0.0;0.0;0.0;0.0;0.0;0.0;0.0;0.0;0.0;0.0;557.0;0.0;0.0;0.0;a>b>c>d>e;104.1;0.0;0.0;22.9;0.0;0.0;0.0;0.0;0.0;0.0;30.0;3.0;0.0;0.0
Santa Cruz das Flores;1269.0;0.0;0.0;0.0;0.0;0.0;0.0;0.0;0.0;0.0;0.0;0.0;0.0;0.0;396.0;0.0;0.0;0.0;0.0;0.0;0.0;0.0;0.0;0.0;0.0;0.0;0.0;873.0;0.0;0.0;0.0;a>b>c>d>e;34.3;0.0;0.0;34.3;0.0;0.0;0.0;52250.0;32992.0;19258.0;76.0;10.0;0.0;5.0
Corvo;254.0;0.0;0.0;0.0;0.0;0.0;0.0;0.0;0.0;0.0;0.0;0.0;0.0;93.0;0.0;0.0;0.0;0.0;0.0;0.0;0.0;0.0;0.0;0.0;0.0;0.0;0.0;161.0;0.0;0.0;0.0;a>b>c>d>e;26.3;0.0;0.0;26.3;0.0;0.0;0.0;0.0;0.0;0.0;5.0;0.0;0.0;0.0
Calheta [R.A.M.];6375.0;0.0;1727.0;0.0;0.0;0.0;0.0;0.0;0.0;223.0;0.0;0.0;0.0;3890.0;0.0;0.0;0.0;0.0;0.0;0.0;0.0;0.0;0.0;0.0;0.0;0.0;0.0;535.0;0.0;0.0;0.0;b>a>c>d>e;76.1;0.0;0.0;61.6;0.0;0.0;14.6;86931.0;44698.0;42233.0;155.0;19.0;5.0;0.0
C•À_mara de Lobos;14572.0;0.0;2548.0;0.0;0.0;0.0;0.0;2198.0;605.0;878.0;0.0;0.0;0.0;6186.0;0.0;0.0;0.0;0.0;0.0;0.0;0.0;0.0;0.0;0.0;0.0;0.0;0.0;0.0;0.0;2157.0;0.0;b>a>c>d>e;28.4;0.0;0.0;23.3;0.0;0.0;5.2;136320.0;83790.0;52530.0;808.0;134.0;28.0;38.0
Funchal;50884.0;0.0;7828.0;0.0;0.0;0.0;0.0;0.0;0.0;4504.0;0.0;0.0;0.0;17450.0;0.0;0.0;0.0;0.0;0.0;0.0;0.0;0.0;0.0;0.0;0.0;0.0;0.0;0.0;21102.0;0.0;0.0;b>a>c>d>e;131.1;0.0;0.0;84.7;0.0;0.0;46.4;5881473.0;1167795.0;4713678.0;3258.0;386.0;187.0;181.0
Machico;11219.0;141.0;829.0;0.0;0.0;0.0;0.0;0.0;246.0;168.0;0.0;0.0;0.0;3926.0;0.0;0.0;0.0;0.0;0.0;0.0;0.0;0.0;0.0;0.0;0.0;0.0;0.0;5631.0;0.0;0.0;278.0;b>a>c>d>e;47.8;0.0;0.0;11.9;0.0;0.0;35.8;171632.0;98742.0;72890.0;528.0;74.0;12.0;19.0
Ponta do Sol;4790.0;89.0;404.0;0.0;0.0;0.0;341.0;0.0;0.0;54.0;0.0;0.0;0.0;2774.0;0.0;0.0;0.0;0.0;0.0;0.0;0.0;0.0;0.0;0.0;0.0;0.0;0.0;1020.0;0.0;0.0;108.0;b>a>c>d>e;146.9;0.0;0.0;135.6;0.0;0.0;11.4;36479.0;18627.0;17852.0;180.0;23.0;0.0;14.0
Porto Moniz;2125.0;0.0;29.0;0.0;0.0;0.0;0.0;0.0;0.0;18.0;0.0;0.0;0.0;1011.0;0.0;0.0;0.0;0.0;0.0;0.0;0.0;0.0;0.0;0.0;0.0;0.0;0.0;1067.0;0.0;0.0;0.0;b>a>c>d>e;95.9;0.0;0.0;65.3;0.0;0.0;30.9;0.0;0.0;0.0;60.0;5.0;5.0;6.0
Ribeira Brava;6525.0;185.0;1381.0;0.0;0.0;0.0;0.0;0.0;0.0;241.0;0.0;0.0;0.0;2878.0;0.0;0.0;0.0;0.0;0.0;0.0;0.0;0.0;0.0;0.0;0.0;0.0;0.0;1507.0;0.0;0.0;333.0;b>a>c>d>e;11.5;0.0;0.0;0.0;0.0;0.0;11.5;136095.0;92565.0;43530.0;367.0;54.0;8.0;20.0
Santa Cruz;20670.0;0.0;0.0;0.0;0.0;0.0;13886.0;0.0;806.0;999.0;0.0;0.0;0.0;4979.0;0.0;0.0;0.0;0.0;0.0;0.0;0.0;0.0;0.0;0.0;0.0;0.0;0.0;0.0;0.0;0.0;0.0;a>b>c>d>e;65.0;0.0;0.0;38.3;0.0;0.0;26.7;247809.0;149291.0;98518.0;729.0;67.0;16.0;30.0
Santana;4861.0;60.0;2605.0;0.0;0.0;0.0;0.0;0.0;0.0;72.0;0.0;0.0;0.0;1667.0;0.0;0.0;0.0;0.0;0.0;0.0;0.0;0.0;0.0;0.0;0.0;0.0;0.0;392.0;0.0;0.0;65.0;b>a>c>d>e;21.0;0.0;0.0;0.0;0.0;0.0;21.0;0.0;0.0;0.0;114.0;24.0;3.0;8.0
S•À_o Vicente;3590.0;41.0;0.0;0.0;0.0;0.0;2380.0;0.0;0.0;33.0;0.0;0.0;0.0;1136.0;0.0;0.0;0.0;0.0;0.0;0.0;0.0;0.0;0.0;0.0;0.0;0.0;0.0;0.0;0.0;0.0;0.0;a>b>c>d>e;99.3;0.0;0.0;72.4;0.0;0.0;26.9;46233.0;28571.0;17662.0;160.0;31.0;6.0;11.0
Porto Santo;3463.0;0.0;328.0;0.0;0.0;0.0;131.0;0.0;0.0;53.0;0.0;0.0;0.0;1310.0;0.0;0.0;0.0;0.0;0.0;0.0;0.0;0.0;0.0;0.0;0.0;0.0;0.0;1484.0;0.0;0.0;157.0;b>a>c>d>e;90.6;0.0;0.0;75.5;0.0;0.0;15.0;68876.0;37402.0;31474.0;144.0;15.0;3.0;16.0