Regions;Votes Total;BE;CDS-PP;CDS-PP-MPT;CDS-PP-MPT-PPM;CDS-PP-PPD/PSD;Grupo de cidad‹os;MPT;PAN;PCP-PEV;PCTP/MRPP;PND;PNR;PPD/PSD;PPD/PSD-CDS-PP;PPD/PSD-CDS-PP-MPT;PPD/PSD-CDS-PP-MPT-PPM;PPD/PSD-CDS-PP-PPM;PPD/PSD-CDS-PP-PPM-MPT;PPD/PSD-MPT;PPD/PSD-MPT-PPM;PPD/PSD-PPM;PPD/PSD-PPM-MPT;PPM;PPM-PPV;PPM-PPV-PND;PPV;PS;PS-BE-PND-MPT-PTP-PAN;PS-PTP-PND-BE;PTP;Ranking;Voters Total;Voters Voting;Voters Abstention;Residents Total;Residents 0-14;Residents 15-64;Residents 65+;Population without Education;Population with High School;Companies Created;Average Monthly Income;Employees per Sector Total;Employees per Sector Agriculture;Employees per Sector Extraction Industries;Employees per Sector Transformation Industries;Employees per Sector Construction;Employees per Sector Gross and Retails Markets;Employees per Sector Administration and Services;Employees per Economic Sector Banks;Employees per Economic Sector Others;Companies Dissolved;Unemployment Total;Unemployment <25
Arcos de Valdevez;13872.0;0.0;1687.0;0.0;0.0;0.0;0.0;0.0;0.0;478.0;0.0;0.0;0.0;7837.0;0.0;0.0;0.0;0.0;0.0;0.0;0.0;0.0;0.0;0.0;0.0;0.0;0.0;3870.0;0.0;0.0;0.0;b>a>c>d>e;28978.0;14747.0;14231.0;22284.0;2469.0;12831.0;6984.0;5060.0;2038.0;40.0;666.4;4793.0;656.0;0.0;1181.0;766.0;920.0;155.0;52.0;0.0;17.0;1179.8;201.2
Caminha;10573.0;0.0;0.0;0.0;0.0;0.0;0.0;0.0;0.0;442.0;0.0;0.0;0.0;4930.0;0.0;0.0;0.0;0.0;0.0;0.0;0.0;0.0;0.0;0.0;0.0;0.0;0.0;5201.0;0.0;0.0;0.0;a>b>c>d>e;17059.0;10948.0;6111.0;16465.0;1965.0;10659.0;3842.0;1641.0;2284.0;39.0;737.5;3921.0;267.0;0.0;378.0;610.0;925.0;351.0;46.0;0.0;16.0;963.0;98.3
Melgaço;4855.0;0.0;0.0;0.0;0.0;0.0;0.0;0.0;0.0;129.0;0.0;0.0;0.0;1462.0;0.0;0.0;0.0;0.0;0.0;0.0;0.0;0.0;0.0;0.0;0.0;0.0;0.0;3264.0;0.0;0.0;0.0;a>b>c>d>e;11966.0;5175.0;6791.0;8874.0;813.0;4840.0;3221.0;1892.0;887.0;8.0;666.0;1709.0;493.0;0.0;210.0;208.0;313.0;52.0;25.0;0.0;2.0;250.6;49.1
Monç‹o;11909.0;0.0;2221.0;0.0;0.0;0.0;0.0;0.0;0.0;206.0;0.0;0.0;0.0;4739.0;0.0;0.0;0.0;0.0;0.0;0.0;0.0;0.0;0.0;0.0;0.0;0.0;0.0;4743.0;0.0;0.0;0.0;b>a>c>d>e;21108.0;12496.0;8612.0;18931.0;1963.0;11621.0;5347.0;3163.0;2292.0;39.0;655.2;4993.0;1042.0;66.0;735.0;801.0;985.0;220.0;41.0;0.0;19.0;727.2;124.2
Paredes de Coura;6090.0;0.0;131.0;0.0;0.0;0.0;0.0;0.0;0.0;272.0;0.0;0.0;0.0;2308.0;0.0;0.0;0.0;0.0;0.0;0.0;0.0;0.0;0.0;0.0;0.0;0.0;0.0;3379.0;0.0;0.0;0.0;b>a>c>d>e;9652.0;6328.0;3324.0;9039.0;1093.0;5488.0;2458.0;1690.0;923.0;11.0;639.4;1595.0;177.0;0.0;288.0;238.0;295.0;172.0;19.0;0.0;9.0;613.9;102.9
Ponte da Barca;8309.0;0.0;0.0;0.0;0.0;0.0;1438.0;0.0;0.0;132.0;0.0;0.0;0.0;2148.0;0.0;0.0;0.0;0.0;0.0;0.0;0.0;0.0;0.0;0.0;0.0;0.0;0.0;4591.0;0.0;0.0;0.0;a>b>c>d>e;14497.0;8653.0;5844.0;11829.0;1499.0;7530.0;2800.0;1989.0;1282.0;28.0;677.8;2251.0;301.0;10.0;218.0;597.0;378.0;103.0;30.0;0.0;12.0;798.5;151.0
Ponte de Lima;26276.0;0.0;14982.0;0.0;0.0;0.0;3325.0;0.0;0.0;1035.0;0.0;0.0;0.0;4374.0;0.0;0.0;0.0;0.0;0.0;0.0;0.0;0.0;0.0;0.0;0.0;0.0;0.0;2560.0;0.0;0.0;0.0;b>a>c>d>e;43131.0;27591.0;15540.0;43151.0;6351.0;28194.0;8607.0;5406.0;4399.0;115.0;644.2;11294.0;1049.0;0.0;2762.0;2397.0;2177.0;470.0;76.0;12.0;32.0;2443.8;343.2
Valença;8042.0;0.0;0.0;0.0;0.0;0.0;0.0;0.0;0.0;339.0;0.0;0.0;0.0;4871.0;0.0;0.0;0.0;0.0;0.0;0.0;0.0;0.0;0.0;0.0;0.0;0.0;0.0;2832.0;0.0;0.0;0.0;a>b>c>d>e;13835.0;8382.0;5453.0;13869.0;1765.0;8996.0;3108.0;1454.0;1698.0;66.0;708.8;4626.0;186.0;32.0;1297.0;374.0;1446.0;201.0;63.0;0.0;28.0;878.8;144.1
Viana do Castelo;42848.0;0.0;0.0;1991.0;0.0;0.0;0.0;0.0;650.0;4919.0;744.0;0.0;0.0;12361.0;0.0;0.0;0.0;0.0;0.0;0.0;0.0;0.0;0.0;0.0;0.0;0.0;0.0;22183.0;0.0;0.0;0.0;c>a>b>d>e;87336.0;46539.0;40797.0;87570.0;11794.0;58413.0;17363.0;7975.0;11702.0;243.0;784.6;25129.0;800.0;73.0;6694.0;4048.0;4768.0;1599.0;242.0;41.0;122.0;5607.8;753.2
Vila Nova de Cerveira;5980.0;0.0;0.0;0.0;0.0;0.0;2807.0;0.0;0.0;78.0;0.0;0.0;0.0;570.0;0.0;0.0;0.0;0.0;0.0;0.0;0.0;0.0;0.0;0.0;0.0;0.0;0.0;2525.0;0.0;0.0;0.0;a>b>c>d>e;9040.0;6221.0;2819.0;9138.0;1205.0;5899.0;2035.0;1161.0;1130.0;22.0;776.9;3570.0;104.0;0.0;1830.0;251.0;334.0;159.0;24.0;0.0;23.0;431.6;70.3
Amares;11377.0;0.0;0.0;0.0;0.0;0.0;3644.0;0.0;0.0;398.0;0.0;0.0;0.0;0.0;2907.0;0.0;0.0;0.0;0.0;0.0;0.0;0.0;0.0;0.0;0.0;0.0;0.0;4428.0;0.0;0.0;0.0;a>b>c>d>e;19615.0;11987.0;7628.0;18635.0;2868.0;12700.0;3068.0;1847.0;2316.0;36.0;654.9;3993.0;224.0;0.0;650.0;795.0;846.0;236.0;0.0;15.0;12.0;1532.1;207.0
Barcelos;71209.0;1437.0;0.0;0.0;0.0;0.0;7589.0;0.0;0.0;1225.0;592.0;0.0;0.0;0.0;0.0;0.0;0.0;26061.0;0.0;0.0;0.0;0.0;0.0;0.0;0.0;0.0;0.0;34305.0;0.0;0.0;0.0;a>b>c>d>e;107846.0;74534.0;33312.0;119824.0;18376.0;84200.0;17249.0;9333.0;12261.0;397.0;686.8;42569.0;1823.0;32.0;20791.0;5052.0;7317.0;1506.0;222.0;20.0;164.0;6514.9;1070.5
Braga;90617.0;0.0;0.0;0.0;0.0;0.0;5072.0;0.0;0.0;8355.0;1293.0;0.0;0.0;0.0;0.0;0.0;0.0;44571.0;0.0;0.0;0.0;0.0;0.0;0.0;0.0;0.0;0.0;31326.0;0.0;0.0;0.0;a>b>c>d>e;159313.0;95417.0;63896.0;181979.0;28878.0;128376.0;24725.0;10441.0;26282.0;768.0;826.4;60419.0;0.0;143.0;12660.0;8705.0;12474.0;3463.0;609.0;43.0;297.0;14454.8;1642.5
Esposende;17663.0;0.0;2013.0;0.0;0.0;0.0;0.0;0.0;0.0;1001.0;0.0;0.0;0.0;10711.0;0.0;0.0;0.0;0.0;0.0;0.0;0.0;0.0;0.0;0.0;0.0;0.0;0.0;3938.0;0.0;0.0;0.0;b>a>c>d>e;33634.0;18960.0;14674.0;34268.0;5538.0;23719.0;5011.0;2736.0;3881.0;106.0;695.4;10634.0;561.0;45.0;3194.0;2149.0;1782.0;492.0;73.0;0.0;43.0;1820.4;275.2
Terras de Bouro;5204.0;0.0;0.0;0.0;0.0;0.0;177.0;299.0;0.0;419.0;0.0;0.0;0.0;0.0;1555.0;0.0;0.0;0.0;0.0;0.0;0.0;0.0;0.0;0.0;0.0;0.0;0.0;2754.0;0.0;0.0;0.0;a>b>c>d>e;7821.0;5358.0;2463.0;6929.0;836.0;4385.0;1708.0;1019.0;769.0;5.0;747.3;1242.0;0.0;0.0;91.0;164.0;233.0;38.0;0.0;0.0;3.0;499.8;81.3
Vila Verde;27776.0;0.0;1104.0;0.0;0.0;0.0;0.0;0.0;0.0;629.0;0.0;0.0;0.0;13418.0;0.0;0.0;0.0;0.0;0.0;0.0;0.0;0.0;0.0;0.0;0.0;0.0;0.0;12625.0;0.0;0.0;0.0;b>a>c>d>e;47920.0;29168.0;18752.0;47838.0;7657.0;31874.0;8307.0;5661.0;5100.0;138.0;675.7;10903.0;565.0;0.0;2469.0;2860.0;2334.0;371.0;89.0;25.0;45.0;2964.0;427.8
Cabeceiras de Basto;10968.0;0.0;0.0;0.0;0.0;0.0;4535.0;0.0;0.0;107.0;0.0;0.0;0.0;0.0;1355.0;0.0;0.0;0.0;0.0;0.0;0.0;0.0;0.0;0.0;0.0;0.0;0.0;4971.0;0.0;0.0;0.0;a>b>c>d>e;17116.0;11264.0;5852.0;16442.0;2531.0;10870.0;3042.0;2282.0;1620.0;49.0;627.5;3154.0;321.0;0.0;571.0;665.0;712.0;105.0;36.0;0.0;13.0;1488.3;282.8
Fafe;30070.0;0.0;423.0;0.0;0.0;0.0;11008.0;0.0;0.0;928.0;0.0;0.0;0.0;6688.0;0.0;0.0;0.0;0.0;0.0;0.0;0.0;0.0;0.0;0.0;0.0;0.0;0.0;11023.0;0.0;0.0;0.0;b>a>c>d>e;50879.0;31361.0;19518.0;50097.0;7283.0;34549.0;8265.0;4981.0;4792.0;180.0;621.6;14043.0;114.0;0.0;5968.0;1822.0;2531.0;675.0;88.0;0.0;56.0;4039.2;648.4
Guimar‹es;83282.0;1788.0;0.0;0.0;0.0;0.0;0.0;0.0;0.0;7285.0;496.0;0.0;0.0;0.0;0.0;31174.0;0.0;0.0;0.0;0.0;0.0;0.0;0.0;0.0;856.0;0.0;0.0;41683.0;0.0;0.0;0.0;a>b>c>d>e;144632.0;87548.0;57084.0;156762.0;23066.0;111407.0;22290.0;12043.0;17593.0;582.0;705.6;59270.0;569.0;179.0;31605.0;3293.0;10502.0;2052.0;368.0;0.0;194.0;13287.5;1507.8
Mondim de Basto;4961.0;0.0;0.0;0.0;0.0;1890.0;0.0;0.0;0.0;34.0;29.0;0.0;0.0;0.0;0.0;0.0;0.0;0.0;0.0;0.0;0.0;0.0;0.0;0.0;0.0;0.0;0.0;3008.0;0.0;0.0;0.0;e>a>b>c>d;8640.0;5081.0;3559.0;7357.0;995.0;4808.0;1555.0;1246.0;648.0;16.0;620.6;1398.0;0.0;104.0;180.0;168.0;339.0;51.0;14.0;0.0;8.0;548.8;106.8
P—voa de Lanhoso;14789.0;0.0;646.0;0.0;0.0;0.0;0.0;0.0;0.0;209.0;0.0;0.0;0.0;7790.0;0.0;0.0;0.0;0.0;0.0;0.0;0.0;0.0;0.0;0.0;0.0;0.0;0.0;6144.0;0.0;0.0;0.0;b>a>c>d>e;24260.0;15259.0;9001.0;21867.0;3295.0;14793.0;3779.0;2692.0;2092.0;56.0;638.8;5552.0;209.0;42.0;1831.0;757.0;914.0;562.0;46.0;0.0;18.0;1467.9;201.6
Vieira do Minho;9771.0;69.0;0.0;0.0;0.0;0.0;0.0;0.0;0.0;134.0;0.0;0.0;0.0;0.0;5003.0;0.0;0.0;0.0;0.0;0.0;0.0;0.0;0.0;0.0;0.0;0.0;0.0;4565.0;0.0;0.0;0.0;a>b>c>d>e;14912.0;10064.0;4848.0;12651.0;1653.0;8189.0;2810.0;1804.0;1334.0;21.0;705.4;2013.0;176.0;0.0;178.0;373.0;468.0;146.0;20.0;0.0;8.0;973.7;135.6
Vila Nova de Famalic‹o;73039.0;1237.0;0.0;0.0;0.0;0.0;0.0;0.0;0.0;2823.0;0.0;0.0;0.0;0.0;44712.0;0.0;0.0;0.0;0.0;0.0;0.0;0.0;0.0;0.0;0.0;0.0;0.0;24267.0;0.0;0.0;0.0;a>b>c>d>e;118128.0;76366.0;41762.0;133843.0;20263.0;94290.0;19290.0;9573.0;15972.0;458.0;774.5;48402.0;732.0;26.0;23249.0;4029.0;8815.0;2242.0;280.0;40.0;151.0;10391.7;1254.2
Vizela;12175.0;406.0;0.0;0.0;0.0;0.0;0.0;0.0;0.0;616.0;0.0;0.0;0.0;0.0;5046.0;0.0;0.0;0.0;0.0;0.0;0.0;0.0;0.0;0.0;0.0;0.0;0.0;6107.0;0.0;0.0;0.0;a>b>c>d>e;20718.0;12762.0;7956.0;23856.0;3676.0;17339.0;2841.0;1947.0;2355.0;80.0;623.2;7860.0;0.0;0.0;5045.0;341.0;1034.0;220.0;53.0;0.0;28.0;1808.0;204.3
Arouca;13295.0;0.0;726.0;0.0;0.0;0.0;0.0;0.0;0.0;390.0;0.0;0.0;0.0;3931.0;0.0;0.0;0.0;0.0;0.0;0.0;0.0;0.0;0.0;0.0;0.0;0.0;0.0;8248.0;0.0;0.0;0.0;b>a>c>d>e;20909.0;13867.0;7042.0;21877.0;3225.0;14667.0;3985.0;2537.0;1943.0;41.0;655.4;6315.0;697.0;22.0;2051.0;1212.0;975.0;260.0;40.0;0.0;23.0;1034.5;185.8
Espinho;17873.0;641.0;460.0;0.0;0.0;0.0;0.0;0.0;0.0;1191.0;0.0;0.0;0.0;8993.0;0.0;0.0;0.0;0.0;0.0;0.0;0.0;0.0;0.0;0.0;0.0;0.0;0.0;6588.0;0.0;0.0;0.0;a>b>c>d>e;30806.0;19044.0;11762.0;30674.0;3808.0;20252.0;6615.0;2719.0;3867.0;86.0;762.0;7786.0;39.0;0.0;1433.0;379.0;1788.0;550.0;105.0;0.0;42.0;3408.1;459.9
Gondomar;61370.0;2605.0;0.0;0.0;0.0;0.0;0.0;0.0;0.0;8850.0;0.0;0.0;0.0;0.0;16114.0;0.0;0.0;0.0;0.0;0.0;0.0;0.0;0.0;0.0;0.0;0.0;0.0;33801.0;0.0;0.0;0.0;a>b>c>d>e;144199.0;72824.0;71375.0;167771.0;24504.0;116588.0;26679.0;11149.0;23336.0;372.0;749.9;30483.0;352.0;0.0;6585.0;2324.0;8520.0;2662.0;238.0;0.0;169.0;16703.3;2136.7
Maia;51052.0;3412.0;0.0;0.0;0.0;0.0;0.0;0.0;0.0;4413.0;0.0;0.0;0.0;0.0;28629.0;0.0;0.0;0.0;0.0;0.0;0.0;0.0;0.0;0.0;0.0;0.0;0.0;14598.0;0.0;0.0;0.0;a>b>c>d>e;112082.0;57086.0;54996.0;135971.0;22043.0;94274.0;19655.0;6634.0;20416.0;539.0;975.6;57304.0;412.0;15.0;13638.0;3611.0;12012.0;9633.0;341.0;0.0;214.0;11617.4;1244.4
Matosinhos;67445.0;2623.0;1409.0;0.0;0.0;0.0;32014.0;0.0;0.0;5396.0;0.0;0.0;0.0;6869.0;0.0;0.0;0.0;0.0;0.0;0.0;0.0;0.0;0.0;0.0;0.0;0.0;0.0;18629.0;0.0;0.0;505.0;a>b>c>d>e;150242.0;73754.0;76488.0;175006.0;24472.0;120336.0;30199.0;11185.0;24602.0;702.0;951.8;82426.0;740.0;0.0;8552.0;3783.0;36690.0;9435.0;436.0;5.0;571.0;13237.2;1330.3
Oliveira de Azem_is;32123.0;702.0;2532.0;0.0;0.0;0.0;0.0;0.0;0.0;977.0;0.0;0.0;0.0;14298.0;0.0;0.0;0.0;0.0;0.0;0.0;0.0;0.0;0.0;0.0;0.0;0.0;0.0;13614.0;0.0;0.0;0.0;b>a>c>d>e;61272.0;34414.0;26858.0;67971.0;8857.0;46770.0;12344.0;5420.0;7358.0;199.0;805.1;26548.0;385.0;51.0;15876.0;1401.0;3379.0;1620.0;142.0;19.0;57.0;3246.1;463.1
Paredes;43739.0;816.0;1721.0;0.0;0.0;0.0;0.0;0.0;0.0;2983.0;0.0;0.0;0.0;19146.0;0.0;0.0;0.0;0.0;0.0;0.0;0.0;0.0;0.0;0.0;0.0;0.0;0.0;19073.0;0.0;0.0;0.0;b>a>c>d>e;72323.0;46589.0;25734.0;86948.0;15050.0;61399.0;10500.0;6763.0;8205.0;217.0;678.7;21619.0;0.0;0.0;9523.0;2018.0;4483.0;778.0;184.0;18.0;68.0;8583.3;1193.7
Porto;110596.0;4166.0;0.0;0.0;0.0;0.0;46666.0;0.0;0.0;8539.0;343.0;0.0;0.0;0.0;0.0;0.0;0.0;0.0;0.0;0.0;0.0;0.0;24366.0;0.0;0.0;0.0;0.0;26237.0;0.0;0.0;279.0;a>b>c>d>e;219949.0;115698.0;104251.0;224894.0;27470.0;140428.0;56996.0;13814.0;32936.0;1574.0;1089.2;117903.0;1074.0;12.0;8802.0;13022.0;24315.0;11670.0;4602.0;11.0;1356.0;21335.0;2332.1
P—voa de Varzim;27560.0;670.0;4021.0;0.0;0.0;0.0;0.0;0.0;0.0;1054.0;344.0;0.0;0.0;13567.0;0.0;0.0;0.0;0.0;0.0;0.0;0.0;0.0;0.0;0.0;0.0;0.0;0.0;7904.0;0.0;0.0;0.0;b>a>c>d>e;60035.0;29485.0;30550.0;63141.0;10136.0;43420.0;9585.0;4357.0;7441.0;214.0;734.6;18838.0;1591.0;27.0;3723.0;1745.0;4496.0;876.0;149.0;47.0;160.0;4429.3;634.3
Santa Maria da Feira;64006.0;2792.0;2675.0;0.0;0.0;0.0;0.0;0.0;0.0;2955.0;0.0;0.0;0.0;31019.0;0.0;0.0;0.0;0.0;0.0;0.0;0.0;0.0;0.0;0.0;0.0;0.0;0.0;24565.0;0.0;0.0;0.0;a>b>c>d>e;125741.0;69667.0;56074.0;140052.0;20891.0;97466.0;21696.0;10799.0;15581.0;438.0;812.1;44944.0;294.0;0.0;20868.0;3823.0;8598.0;2643.0;312.0;14.0;182.0;9783.7;1337.1
Santo Tirso;37391.0;0.0;1409.0;0.0;0.0;0.0;2552.0;0.0;0.0;2455.0;0.0;0.0;0.0;0.0;0.0;0.0;0.0;0.0;0.0;0.0;0.0;13051.0;0.0;0.0;0.0;0.0;0.0;17924.0;0.0;0.0;0.0;b>a>c>d>e;64247.0;39867.0;24380.0;70737.0;9125.0;48838.0;12775.0;5920.0;7599.0;175.0;723.1;20529.0;211.0;29.0;10695.0;1233.0;3963.0;625.0;131.0;0.0;63.0;7025.3;892.7
S‹o Jo‹o da Madeira;9462.0;225.0;296.0;0.0;0.0;0.0;1000.0;0.0;0.0;620.0;0.0;0.0;0.0;3808.0;0.0;0.0;0.0;0.0;0.0;0.0;0.0;0.0;0.0;0.0;0.0;0.0;0.0;3513.0;0.0;0.0;0.0;b>a>c>d>e;20324.0;10016.0;10308.0;21655.0;3032.0;15032.0;3592.0;1285.0;3037.0;88.0;802.1;12580.0;19.0;0.0;7456.0;188.0;2017.0;560.0;107.0;0.0;36.0;1430.5;203.4
Trofa;21100.0;470.0;0.0;0.0;0.0;0.0;437.0;0.0;0.0;809.0;0.0;0.0;0.0;0.0;10092.0;0.0;0.0;0.0;0.0;0.0;0.0;0.0;0.0;0.0;0.0;0.0;0.0;9292.0;0.0;0.0;0.0;a>b>c>d>e;33444.0;22397.0;11047.0;38743.0;5657.0;27576.0;5510.0;2644.0;4714.0;132.0;814.4;15303.0;0.0;0.0;6507.0;1181.0;3234.0;904.0;99.0;0.0;32.0;4042.3;547.8
Vale de Cambra;13080.0;0.0;6382.0;0.0;0.0;0.0;0.0;0.0;0.0;397.0;0.0;0.0;0.0;4683.0;0.0;0.0;0.0;0.0;0.0;0.0;0.0;0.0;0.0;0.0;0.0;0.0;0.0;1618.0;0.0;0.0;0.0;b>a>c>d>e;22358.0;13884.0;8474.0;22439.0;2710.0;14843.0;4887.0;2458.0;2505.0;43.0;872.1;8086.0;176.0;0.0;4761.0;474.0;1066.0;200.0;58.0;0.0;30.0;864.8;130.0
Valongo;37420.0;1797.0;1056.0;0.0;0.0;0.0;0.0;0.0;0.0;3426.0;0.0;0.0;0.0;0.0;0.0;0.0;0.0;0.0;0.0;0.0;0.0;15132.0;0.0;0.0;0.0;0.0;0.0;16009.0;0.0;0.0;0.0;a>b>c>d>e;80945.0;41186.0;39759.0;95004.0;15169.0;66231.0;13604.0;5562.0;12981.0;255.0;761.1;20274.0;279.0;78.0;4557.0;2368.0;5072.0;2366.0;174.0;0.0;93.0;9294.1;1254.4
Vila do Conde;36466.0;983.0;1223.0;0.0;0.0;0.0;0.0;0.0;0.0;2009.0;0.0;0.0;0.0;0.0;0.0;0.0;0.0;0.0;0.0;0.0;0.0;14042.0;0.0;0.0;0.0;0.0;0.0;18209.0;0.0;0.0;0.0;b>a>c>d>e;69418.0;38994.0;30424.0;79774.0;12482.0;54869.0;12424.0;5488.0;9091.0;257.0;831.8;24651.0;2377.0;23.0;7518.0;2684.0;5458.0;879.0;139.0;19.0;274.0;5740.8;777.8
Vila Nova de Gaia;127158.0;4266.0;0.0;0.0;0.0;0.0;29797.0;0.0;0.0;8876.0;2087.0;0.0;0.0;0.0;27813.0;0.0;0.0;0.0;0.0;0.0;0.0;0.0;0.0;0.0;0.0;0.0;0.0;53146.0;0.0;0.0;1173.0;a>b>c>d>e;261037.0;139300.0;121737.0;302989.0;45501.0;208673.0;48815.0;18851.0;41476.0;945.0;874.4;73976.0;875.0;23.0;19536.0;5532.0;15839.0;6026.0;568.0;28.0;574.0;33342.4;3998.3
Boticas;4051.0;0.0;0.0;0.0;0.0;0.0;0.0;0.0;0.0;392.0;0.0;0.0;0.0;2748.0;0.0;0.0;0.0;0.0;0.0;0.0;0.0;0.0;0.0;0.0;0.0;0.0;0.0;911.0;0.0;0.0;0.0;a>b>c>d>e;7762.0;4252.0;3510.0;5540.0;539.0;3276.0;1725.0;1269.0;475.0;7.0;636.0;1000.0;266.0;63.0;159.0;130.0;177.0;35.0;0.0;0.0;4.0;331.4;37.8
Chaves;23163.0;0.0;780.0;0.0;0.0;0.0;3706.0;0.0;0.0;1547.0;0.0;0.0;0.0;9767.0;0.0;0.0;0.0;0.0;0.0;0.0;0.0;0.0;0.0;0.0;0.0;0.0;0.0;7363.0;0.0;0.0;0.0;b>a>c>d>e;46095.0;24785.0;21310.0;40788.0;4714.0;25924.0;10150.0;4900.0;5326.0;92.0;712.5;8598.0;750.0;61.0;993.0;931.0;2252.0;277.0;97.0;9.0;45.0;2656.5;347.8
Montalegre;7918.0;0.0;0.0;0.0;0.0;0.0;0.0;0.0;0.0;132.0;0.0;0.0;0.0;0.0;2873.0;0.0;0.0;0.0;0.0;0.0;0.0;0.0;0.0;0.0;0.0;0.0;0.0;4913.0;0.0;0.0;0.0;a>b>c>d>e;15201.0;8345.0;6856.0;10049.0;883.0;5823.0;3344.0;2193.0;951.0;15.0;659.3;1846.0;685.0;0.0;151.0;176.0;328.0;55.0;30.0;0.0;13.0;439.6;68.0
Ribeira de Pena;5050.0;0.0;99.0;0.0;0.0;0.0;273.0;145.0;0.0;45.0;0.0;0.0;0.0;1866.0;0.0;0.0;0.0;0.0;0.0;0.0;0.0;0.0;0.0;0.0;0.0;0.0;0.0;2622.0;0.0;0.0;0.0;b>a>c>d>e;8807.0;5199.0;3608.0;6383.0;810.0;3938.0;1636.0;1468.0;499.0;4.0;688.9;1126.0;0.0;0.0;83.0;330.0;131.0;36.0;11.0;0.0;5.0;489.1;80.0
Valpaços;11079.0;0.0;262.0;0.0;0.0;0.0;0.0;0.0;0.0;198.0;0.0;0.0;0.0;7295.0;0.0;0.0;0.0;0.0;0.0;0.0;0.0;0.0;0.0;0.0;0.0;0.0;0.0;3324.0;0.0;0.0;0.0;b>a>c>d>e;21152.0;11674.0;9478.0;16252.0;1592.0;9420.0;5241.0;3478.0;1332.0;27.0;639.6;3905.0;1785.0;43.0;229.0;479.0;620.0;111.0;40.0;8.0;12.0;980.7;145.6
Vila Pouca de Aguiar;9222.0;0.0;102.0;0.0;0.0;0.0;0.0;0.0;0.0;330.0;0.0;0.0;0.0;4449.0;0.0;0.0;0.0;0.0;0.0;0.0;0.0;0.0;0.0;0.0;0.0;0.0;0.0;4341.0;0.0;0.0;0.0;b>a>c>d>e;17296.0;9592.0;7704.0;12819.0;1387.0;7930.0;3503.0;2074.0;1195.0;22.0;669.4;2847.0;512.0;179.0;592.0;337.0;478.0;92.0;31.0;0.0;9.0;784.9;105.8
Amarante;31543.0;575.0;0.0;0.0;0.0;0.0;5146.0;0.0;0.0;679.0;0.0;0.0;0.0;0.0;12824.0;0.0;0.0;0.0;0.0;0.0;0.0;0.0;0.0;0.0;0.0;0.0;0.0;12319.0;0.0;0.0;0.0;a>b>c>d>e;54232.0;32806.0;21426.0;55424.0;8269.0;38209.0;8947.0;6125.0;5745.0;157.0;723.9;14170.0;588.0;27.0;3114.0;4362.0;2507.0;585.0;81.0;0.0;57.0;4921.3;676.4
Bai‹o;11473.0;0.0;498.0;0.0;0.0;0.0;0.0;0.0;0.0;191.0;0.0;0.0;0.0;2211.0;0.0;0.0;0.0;0.0;0.0;0.0;0.0;0.0;0.0;0.0;0.0;0.0;0.0;8573.0;0.0;0.0;0.0;b>a>c>d>e;18356.0;12005.0;6351.0;20009.0;2769.0;13429.0;3812.0;3429.0;1634.0;31.0;615.9;3141.0;344.0;0.0;396.0;1133.0;564.0;124.0;19.0;0.0;15.0;2111.3;329.4
Castelo de Paiva;10932.0;72.0;94.0;0.0;0.0;0.0;0.0;0.0;0.0;106.0;0.0;0.0;0.0;4036.0;0.0;0.0;0.0;0.0;0.0;0.0;0.0;0.0;0.0;0.0;0.0;0.0;0.0;6624.0;0.0;0.0;0.0;b>a>c>d>e;14782.0;11221.0;3561.0;16350.0;2503.0;11240.0;2608.0;1466.0;1454.0;25.0;625.0;3306.0;0.0;0.0;1228.0;576.0;577.0;94.0;19.0;0.0;9.0;1413.2;178.4
Celorico de Basto;11720.0;0.0;740.0;0.0;0.0;0.0;0.0;0.0;0.0;434.0;0.0;0.0;0.0;7866.0;0.0;0.0;0.0;0.0;0.0;0.0;0.0;0.0;0.0;0.0;0.0;0.0;0.0;2680.0;0.0;0.0;0.0;b>a>c>d>e;19369.0;12255.0;7114.0;19874.0;2840.0;13204.0;3830.0;2727.0;1947.0;26.0;667.1;3055.0;248.0;0.0;748.0;483.0;592.0;101.0;22.0;0.0;16.0;1781.9;283.9
Cinf‹es;11781.0;0.0;0.0;0.0;0.0;0.0;0.0;0.0;0.0;289.0;0.0;0.0;0.0;0.0;4454.0;0.0;0.0;0.0;0.0;0.0;0.0;0.0;0.0;0.0;0.0;0.0;0.0;7038.0;0.0;0.0;0.0;a>b>c>d>e;18287.0;12195.0;6092.0;19800.0;2814.0;12842.0;4145.0;3155.0;1524.0;30.0;621.5;3091.0;330.0;0.0;212.0;1103.0;563.0;320.0;18.0;0.0;19.0;2144.2;293.3
Felgueiras;32324.0;554.0;2424.0;0.0;0.0;0.0;0.0;0.0;0.0;728.0;282.0;0.0;0.0;0.0;0.0;0.0;0.0;0.0;0.0;0.0;0.0;19615.0;0.0;0.0;0.0;0.0;0.0;8721.0;0.0;0.0;0.0;b>a>c>d>e;51622.0;33639.0;17983.0;57789.0;9107.0;41287.0;7395.0;5231.0;5717.0;255.0;620.9;27367.0;0.0;0.0;18190.0;1684.0;3406.0;750.0;125.0;24.0;60.0;2923.6;422.3
Lousada;27125.0;0.0;0.0;0.0;0.0;0.0;0.0;0.0;0.0;751.0;0.0;0.0;0.0;0.0;12512.0;0.0;0.0;0.0;0.0;0.0;0.0;0.0;0.0;0.0;0.0;0.0;0.0;13862.0;0.0;0.0;0.0;a>b>c>d>e;39997.0;27916.0;12081.0;47375.0;8185.0;33852.0;5339.0;4033.0;3904.0;153.0;605.5;14985.0;264.0;0.0;7005.0;2687.0;2690.0;318.0;43.0;0.0;39.0;3757.9;520.3
Marco de Canaveses;26925.0;0.0;0.0;0.0;0.0;0.0;8713.0;0.0;0.0;922.0;0.0;0.0;0.0;11532.0;0.0;0.0;0.0;0.0;0.0;0.0;0.0;0.0;0.0;0.0;0.0;0.0;0.0;5758.0;0.0;0.0;0.0;a>b>c>d>e;46830.0;28249.0;18581.0;53120.0;8915.0;37117.0;7088.0;5107.0;4755.0;133.0;691.4;14363.0;231.0;597.0;3290.0;4926.0;2588.0;526.0;89.0;0.0;39.0;5222.1;859.3
Paços de Ferreira;29530.0;0.0;437.0;0.0;0.0;0.0;0.0;0.0;0.0;814.0;0.0;0.0;0.0;13669.0;0.0;0.0;0.0;0.0;0.0;0.0;0.0;0.0;0.0;0.0;0.0;0.0;0.0;14437.0;0.0;0.0;173.0;b>a>c>d>e;47020.0;30764.0;16256.0;56965.0;9689.0;40774.0;6502.0;4417.0;4516.0;199.0;612.7;19539.0;101.0;70.0;11408.0;824.0;3548.0;548.0;106.0;7.0;51.0;5482.9;747.4
Penafiel;42352.0;616.0;0.0;0.0;0.0;0.0;0.0;0.0;0.0;1396.0;0.0;0.0;0.0;0.0;22235.0;0.0;0.0;0.0;0.0;0.0;0.0;0.0;0.0;0.0;0.0;0.0;0.0;18105.0;0.0;0.0;0.0;a>b>c>d>e;62440.0;44021.0;18419.0;71641.0;11815.0;50361.0;9466.0;6801.0;7240.0;165.0;704.4;20372.0;502.0;263.0;6399.0;4514.0;3767.0;564.0;94.0;47.0;67.0;6045.0;943.8
Resende;7407.0;0.0;0.0;0.0;0.0;0.0;0.0;234.0;0.0;83.0;0.0;0.0;0.0;0.0;3187.0;0.0;0.0;0.0;0.0;0.0;0.0;0.0;0.0;0.0;0.0;0.0;0.0;3903.0;0.0;0.0;0.0;a>b>c>d>e;11175.0;7697.0;3478.0;10992.0;1579.0;7030.0;2384.0;2047.0;961.0;20.0;646.8;2310.0;941.0;0.0;140.0;311.0;503.0;47.0;17.0;0.0;0.0;1085.7;190.6
Alij—;7841.0;0.0;256.0;0.0;0.0;0.0;1770.0;0.0;0.0;158.0;0.0;0.0;0.0;3298.0;0.0;0.0;0.0;0.0;0.0;0.0;0.0;0.0;0.0;0.0;0.0;0.0;0.0;2359.0;0.0;0.0;0.0;b>a>c>d>e;13140.0;8288.0;4852.0;11547.0;1301.0;6938.0;3308.0;1868.0;1082.0;16.0;737.9;3453.0;1818.0;0.0;400.0;175.0;418.0;89.0;18.0;11.0;9.0;777.8;98.7
Armamar;4137.0;73.0;900.0;0.0;0.0;0.0;0.0;0.0;0.0;226.0;0.0;0.0;0.0;2449.0;0.0;0.0;0.0;0.0;0.0;0.0;0.0;0.0;0.0;0.0;0.0;0.0;0.0;489.0;0.0;0.0;0.0;b>a>c>d>e;6421.0;4299.0;2122.0;6113.0;707.0;3853.0;1554.0;875.0;611.0;19.0;654.9;2020.0;669.0;0.0;187.0;155.0;669.0;35.0;0.0;0.0;7.0;446.0;94.3
Carrazeda de Ansi‹es;4085.0;0.0;789.0;0.0;0.0;0.0;0.0;0.0;0.0;60.0;0.0;0.0;0.0;2615.0;0.0;0.0;0.0;0.0;0.0;0.0;0.0;0.0;0.0;0.0;0.0;0.0;0.0;621.0;0.0;0.0;0.0;b>a>c>d>e;7124.0;4368.0;2756.0;6118.0;645.0;3466.0;2008.0;1195.0;533.0;13.0;643.8;1358.0;595.0;0.0;103.0;85.0;278.0;41.0;0.0;0.0;2.0;323.0;52.5
Freixo de Espada ˆ Cinta;2677.0;0.0;0.0;0.0;0.0;0.0;0.0;0.0;0.0;25.0;0.0;0.0;0.0;1357.0;0.0;0.0;0.0;0.0;0.0;0.0;0.0;0.0;0.0;0.0;0.0;0.0;0.0;1295.0;0.0;0.0;0.0;a>b>c>d>e;3691.0;2834.0;857.0;3650.0;415.0;2078.0;1157.0;759.0;279.0;3.0;611.7;646.0;189.0;0.0;60.0;168.0;67.0;11.0;0.0;0.0;0.0;268.9;27.5
Lamego;14875.0;0.0;0.0;0.0;0.0;0.0;0.0;0.0;0.0;590.0;0.0;0.0;0.0;0.0;8548.0;0.0;0.0;0.0;0.0;0.0;0.0;0.0;0.0;0.0;0.0;0.0;0.0;5737.0;0.0;0.0;0.0;a>b>c>d>e;25886.0;15825.0;10061.0;26150.0;3380.0;17497.0;5274.0;3373.0;3060.0;46.0;704.4;5486.0;945.0;0.0;569.0;850.0;1263.0;432.0;47.0;19.0;17.0;3181.2;424.4
Mes‹o Frio;2975.0;0.0;24.0;0.0;0.0;0.0;0.0;0.0;0.0;23.0;0.0;0.0;0.0;1090.0;0.0;0.0;0.0;0.0;0.0;0.0;0.0;0.0;0.0;0.0;0.0;0.0;0.0;1838.0;0.0;0.0;0.0;b>a>c>d>e;4277.0;3095.0;1182.0;4273.0;581.0;2822.0;870.0;687.0;444.0;11.0;638.0;1003.0;464.0;0.0;43.0;184.0;142.0;36.0;0.0;0.0;3.0;446.3;80.9
Moimenta da Beira;5902.0;0.0;0.0;0.0;0.0;0.0;0.0;0.0;0.0;169.0;0.0;0.0;0.0;0.0;1813.0;0.0;0.0;0.0;0.0;0.0;0.0;0.0;0.0;0.0;0.0;0.0;0.0;3920.0;0.0;0.0;0.0;a>b>c>d>e;11528.0;6341.0;5187.0;10066.0;1362.0;6346.0;2358.0;1412.0;1084.0;14.0;651.0;2343.0;490.0;0.0;275.0;249.0;658.0;28.0;39.0;7.0;11.0;779.3;123.8
Murça;4189.0;0.0;290.0;0.0;0.0;0.0;0.0;0.0;0.0;42.0;0.0;0.0;0.0;1877.0;0.0;0.0;0.0;0.0;0.0;0.0;0.0;0.0;0.0;0.0;0.0;0.0;0.0;1980.0;0.0;0.0;0.0;b>a>c>d>e;7143.0;4370.0;2773.0;5817.0;718.0;3509.0;1590.0;1058.0;520.0;9.0;634.9;1336.0;587.0;0.0;156.0;75.0;197.0;25.0;0.0;0.0;1.0;395.5;47.2
Penedono;1979.0;0.0;74.0;0.0;0.0;0.0;0.0;0.0;0.0;25.0;0.0;0.0;0.0;1238.0;0.0;0.0;0.0;0.0;0.0;0.0;0.0;0.0;0.0;0.0;0.0;0.0;0.0;642.0;0.0;0.0;0.0;b>a>c>d>e;3602.0;2092.0;1510.0;2854.0;344.0;1756.0;754.0;489.0;283.0;6.0;632.1;789.0;399.0;0.0;36.0;89.0;119.0;12.0;0.0;0.0;2.0;145.4;20.3
Peso da R_gua;9363.0;0.0;0.0;0.0;0.0;0.0;0.0;0.0;0.0;412.0;0.0;0.0;0.0;5587.0;0.0;0.0;0.0;0.0;0.0;0.0;0.0;0.0;0.0;0.0;0.0;0.0;0.0;3364.0;0.0;0.0;0.0;a>b>c>d>e;16861.0;9903.0;6958.0;16695.0;2130.0;11294.0;3271.0;2184.0;1961.0;46.0;764.9;4177.0;1394.0;0.0;358.0;555.0;790.0;131.0;43.0;0.0;27.0;1428.1;219.3
Sabrosa;4255.0;0.0;0.0;0.0;0.0;0.0;0.0;0.0;0.0;128.0;0.0;0.0;0.0;1632.0;0.0;0.0;0.0;0.0;0.0;0.0;0.0;0.0;0.0;0.0;0.0;0.0;0.0;2495.0;0.0;0.0;0.0;a>b>c>d>e;6915.0;4476.0;2439.0;6214.0;773.0;3855.0;1587.0;1048.0;567.0;8.0;868.2;1601.0;778.0;16.0;201.0;148.0;178.0;29.0;0.0;0.0;7.0;426.2;53.6
Santa Marta de Penagui‹o;4903.0;0.0;176.0;0.0;0.0;0.0;0.0;0.0;0.0;82.0;0.0;0.0;0.0;1683.0;0.0;0.0;0.0;0.0;0.0;0.0;0.0;0.0;0.0;0.0;0.0;0.0;0.0;2962.0;0.0;0.0;0.0;b>a>c>d>e;8218.0;5140.0;3078.0;7099.0;824.0;4533.0;1742.0;1406.0;633.0;14.0;659.2;2254.0;1387.0;0.0;155.0;218.0;256.0;28.0;12.0;7.0;2.0;508.2;71.1
S‹o Jo‹o da Pesqueira;4484.0;0.0;179.0;0.0;0.0;0.0;1661.0;0.0;0.0;77.0;0.0;0.0;0.0;2051.0;0.0;0.0;0.0;0.0;0.0;0.0;0.0;0.0;0.0;0.0;0.0;0.0;0.0;516.0;0.0;0.0;0.0;b>a>c>d>e;7622.0;4705.0;2917.0;7611.0;996.0;4932.0;1684.0;1236.0;671.0;10.0;711.2;2380.0;1403.0;0.0;226.0;124.0;280.0;81.0;13.0;20.0;2.0;396.4;59.3
Sernancelhe;4570.0;0.0;157.0;0.0;0.0;0.0;0.0;0.0;0.0;16.0;0.0;0.0;0.0;2499.0;0.0;0.0;0.0;0.0;0.0;0.0;0.0;0.0;0.0;0.0;0.0;0.0;0.0;1898.0;0.0;0.0;0.0;b>a>c>d>e;6708.0;4700.0;2008.0;5614.0;676.0;3514.0;1425.0;854.0;618.0;9.0;615.9;1326.0;339.0;34.0;238.0;155.0;296.0;25.0;0.0;0.0;3.0;326.8;67.5
Tabuaço;4082.0;0.0;0.0;0.0;0.0;0.0;0.0;0.0;0.0;105.0;0.0;0.0;0.0;0.0;2089.0;0.0;0.0;0.0;0.0;0.0;0.0;0.0;0.0;0.0;0.0;0.0;0.0;1888.0;0.0;0.0;0.0;a>b>c>d>e;6089.0;4246.0;1843.0;6274.0;708.0;4085.0;1482.0;964.0;610.0;18.0;724.5;1256.0;504.0;0.0;125.0;150.0;192.0;46.0;0.0;32.0;2.0;570.1;89.3
Tarouca;4604.0;188.0;206.0;0.0;0.0;0.0;0.0;0.0;0.0;76.0;0.0;0.0;0.0;2438.0;0.0;0.0;0.0;0.0;0.0;0.0;0.0;0.0;0.0;0.0;0.0;0.0;0.0;1696.0;0.0;0.0;0.0;b>a>c>d>e;8027.0;4773.0;3254.0;7927.0;1160.0;5202.0;1566.0;990.0;784.0;12.0;672.7;1554.0;210.0;0.0;108.0;267.0;467.0;219.0;14.0;0.0;3.0;648.0;101.1
Torre de Moncorvo;5921.0;0.0;0.0;0.0;0.0;0.0;0.0;0.0;0.0;197.0;0.0;0.0;0.0;0.0;3191.0;0.0;0.0;0.0;0.0;0.0;0.0;0.0;0.0;0.0;0.0;0.0;0.0;2533.0;0.0;0.0;0.0;a>b>c>d>e;9389.0;6203.0;3186.0;8297.0;729.0;4710.0;2858.0;1641.0;886.0;14.0;905.1;1936.0;291.0;0.0;83.0;703.0;342.0;72.0;17.0;0.0;6.0;500.8;61.6
Vila Nova de Foz C™a;4950.0;0.0;0.0;0.0;0.0;0.0;0.0;0.0;0.0;97.0;0.0;0.0;0.0;2763.0;0.0;0.0;0.0;0.0;0.0;0.0;0.0;0.0;0.0;0.0;0.0;0.0;0.0;2090.0;0.0;0.0;0.0;a>b>c>d>e;8286.0;5207.0;3079.0;7043.0;719.0;4126.0;2199.0;1204.0;747.0;7.0;726.1;1517.0;604.0;69.0;173.0;112.0;256.0;36.0;0.0;0.0;6.0;340.8;52.1
Vila Real;29217.0;612.0;1482.0;0.0;0.0;0.0;0.0;0.0;0.0;730.0;0.0;0.0;0.0;12926.0;0.0;0.0;0.0;0.0;0.0;0.0;0.0;0.0;0.0;0.0;0.0;0.0;0.0;13467.0;0.0;0.0;0.0;b>a>c>d>e;50907.0;30605.0;20302.0;51213.0;7323.0;34574.0;9317.0;4468.0;7426.0;124.0;799.5;11878.0;1716.0;80.0;1010.0;1138.0;2660.0;698.0;172.0;26.0;75.0;3719.7;500.4
Alf‰ndega da F_;3803.0;0.0;0.0;0.0;0.0;0.0;0.0;0.0;0.0;64.0;0.0;0.0;0.0;0.0;1544.0;0.0;0.0;0.0;0.0;0.0;0.0;0.0;0.0;0.0;0.0;0.0;0.0;2195.0;0.0;0.0;0.0;a>b>c>d>e;5841.0;4032.0;1809.0;4884.0;457.0;2900.0;1527.0;930.0;488.0;9.0;634.4;943.0;401.0;0.0;71.0;77.0;151.0;21.0;0.0;0.0;5.0;319.4;45.9
Bragança;18986.0;207.0;413.0;0.0;0.0;0.0;3308.0;0.0;0.0;405.0;0.0;0.0;0.0;9449.0;0.0;0.0;0.0;0.0;0.0;0.0;0.0;0.0;0.0;0.0;0.0;0.0;0.0;5204.0;0.0;0.0;0.0;b>a>c>d>e;36647.0;20000.0;16647.0;34832.0;4217.0;22701.0;7915.0;4022.0;4749.0;91.0;749.5;9233.0;2274.0;0.0;908.0;932.0;1914.0;325.0;113.0;43.0;63.0;2258.7;331.8
Macedo de Cavaleiros;10707.0;0.0;1308.0;0.0;0.0;0.0;0.0;0.0;0.0;192.0;0.0;0.0;0.0;4663.0;0.0;0.0;0.0;0.0;0.0;0.0;0.0;0.0;0.0;0.0;0.0;0.0;0.0;4544.0;0.0;0.0;0.0;b>a>c>d>e;18943.0;11284.0;7659.0;15328.0;1664.0;9245.0;4419.0;2323.0;1616.0;40.0;692.5;3810.0;1335.0;23.0;244.0;340.0;885.0;85.0;43.0;0.0;16.0;994.9;133.8
Miranda do Douro;5294.0;34.0;0.0;0.0;92.0;0.0;0.0;0.0;0.0;36.0;0.0;0.0;0.0;2346.0;0.0;0.0;0.0;0.0;0.0;0.0;0.0;0.0;0.0;0.0;0.0;0.0;0.0;2786.0;0.0;0.0;0.0;d>a>b>c>e;7988.0;5542.0;2446.0;7352.0;719.0;4287.0;2347.0;1322.0;838.0;19.0;689.2;1817.0;553.0;0.0;252.0;207.0;388.0;41.0;20.0;11.0;5.0;325.2;41.4
Mirandela;12403.0;201.0;2567.0;0.0;0.0;0.0;0.0;0.0;0.0;451.0;0.0;0.0;0.0;6376.0;0.0;0.0;0.0;0.0;0.0;0.0;0.0;0.0;0.0;0.0;0.0;0.0;0.0;2808.0;0.0;0.0;0.0;b>a>c>d>e;24758.0;13235.0;11523.0;23143.0;2662.0;14640.0;5842.0;3292.0;2861.0;46.0;708.8;5286.0;1145.0;0.0;616.0;354.0;1294.0;244.0;64.0;0.0;28.0;1881.8;286.3
Mogadouro;7092.0;0.0;148.0;0.0;0.0;0.0;0.0;0.0;0.0;56.0;0.0;0.0;0.0;3439.0;0.0;0.0;0.0;0.0;0.0;0.0;0.0;0.0;0.0;0.0;0.0;0.0;0.0;3449.0;0.0;0.0;0.0;b>a>c>d>e;11222.0;7424.0;3798.0;9173.0;882.0;5299.0;2993.0;1830.0;912.0;18.0;664.1;2005.0;801.0;0.0;125.0;207.0;400.0;54.0;20.0;0.0;8.0;503.2;65.1
Vila Flor;4522.0;0.0;0.0;0.0;0.0;0.0;0.0;0.0;0.0;191.0;0.0;0.0;0.0;0.0;1615.0;0.0;0.0;0.0;0.0;0.0;0.0;0.0;0.0;0.0;0.0;0.0;0.0;2716.0;0.0;0.0;0.0;a>b>c>d>e;7534.0;4765.0;2769.0;6485.0;685.0;3957.0;1843.0;1068.0;647.0;11.0;631.2;1549.0;679.0;0.0;124.0;100.0;275.0;45.0;10.0;0.0;7.0;422.3;51.7
Vimioso;3637.0;0.0;0.0;0.0;0.0;0.0;0.0;0.0;0.0;36.0;0.0;0.0;0.0;2232.0;0.0;0.0;0.0;0.0;0.0;0.0;0.0;0.0;0.0;0.0;0.0;0.0;0.0;1369.0;0.0;0.0;0.0;a>b>c>d>e;6328.0;3814.0;2514.0;4480.0;432.0;2427.0;1622.0;991.0;362.0;13.0;622.9;763.0;0.0;0.0;67.0;100.0;179.0;25.0;12.0;0.0;3.0;188.6;27.4
Vinhais;6744.0;0.0;0.0;0.0;0.0;2426.0;0.0;0.0;0.0;111.0;0.0;0.0;0.0;0.0;0.0;0.0;0.0;0.0;0.0;0.0;0.0;0.0;0.0;0.0;0.0;0.0;0.0;4207.0;0.0;0.0;0.0;e>a>b>c>d;11179.0;7100.0;4079.0;8672.0;687.0;4596.0;3389.0;1779.0;731.0;10.0;640.4;1854.0;888.0;0.0;130.0;171.0;278.0;50.0;16.0;0.0;9.0;455.8;60.3
Alcobaça;23447.0;566.0;4649.0;0.0;0.0;0.0;0.0;0.0;0.0;3176.0;0.0;0.0;245.0;9564.0;0.0;0.0;0.0;0.0;0.0;0.0;0.0;0.0;0.0;0.0;0.0;0.0;0.0;5247.0;0.0;0.0;0.0;b>a>c>d>e;49425.0;26517.0;22908.0;55844.0;7590.0;36639.0;11616.0;5701.0;7184.0;156.0;740.2;18142.0;1321.0;290.0;5702.0;1601.0;4563.0;852.0;137.0;45.0;68.0;2966.0;413.4
Alenquer;16432.0;1128.0;0.0;0.0;0.0;0.0;0.0;0.0;0.0;2918.0;0.0;0.0;0.0;0.0;0.0;0.0;4991.0;0.0;0.0;0.0;0.0;0.0;0.0;0.0;0.0;0.0;0.0;7395.0;0.0;0.0;0.0;a>b>c>d>e;34660.0;17670.0;16990.0;43140.0;7144.0;28306.0;7690.0;4111.0;6173.0;98.0;881.5;11755.0;863.0;127.0;3682.0;953.0;2537.0;677.0;71.0;29.0;52.0;2528.4;258.8
Arruda dos Vinhos;5779.0;0.0;184.0;0.0;0.0;0.0;0.0;0.0;0.0;529.0;0.0;0.0;0.0;2149.0;0.0;0.0;0.0;0.0;0.0;0.0;0.0;0.0;0.0;0.0;0.0;0.0;0.0;2917.0;0.0;0.0;0.0;b>a>c>d>e;10399.0;6098.0;4301.0;14053.0;2537.0;8966.0;2551.0;1039.0;1957.0;49.0;846.3;3855.0;174.0;0.0;591.0;232.0;893.0;190.0;27.0;0.0;17.0;610.9;50.3
Bombarral;5573.0;0.0;712.0;0.0;0.0;0.0;0.0;0.0;0.0;779.0;0.0;0.0;0.0;2469.0;0.0;0.0;0.0;0.0;0.0;0.0;0.0;0.0;0.0;0.0;0.0;0.0;0.0;1613.0;0.0;0.0;0.0;b>a>c>d>e;11928.0;6084.0;5844.0;12940.0;1719.0;8323.0;2899.0;1458.0;1550.0;28.0;701.2;3269.0;577.0;0.0;480.0;258.0;1153.0;164.0;34.0;0.0;13.0;730.0;84.5
Cadaval;6995.0;0.0;0.0;0.0;211.0;0.0;0.0;0.0;0.0;360.0;0.0;0.0;0.0;3322.0;0.0;0.0;0.0;0.0;0.0;0.0;0.0;0.0;0.0;0.0;0.0;0.0;0.0;3102.0;0.0;0.0;0.0;d>a>b>c>e;12560.0;7360.0;5200.0;14057.0;1951.0;8431.0;3676.0;1823.0;1671.0;28.0;697.7;3354.0;889.0;35.0;434.0;316.0;927.0;148.0;20.0;21.0;19.0;768.8;91.7
Caldas da Rainha;19583.0;602.0;1962.0;0.0;0.0;0.0;1863.0;0.0;0.0;1089.0;0.0;0.0;0.0;9216.0;0.0;0.0;0.0;0.0;0.0;0.0;0.0;0.0;0.0;0.0;0.0;0.0;0.0;4851.0;0.0;0.0;0.0;b>a>c>d>e;45471.0;21144.0;24327.0;51760.0;7392.0;33704.0;10665.0;4697.0;7513.0;153.0;752.6;15378.0;960.0;0.0;2072.0;1143.0;3488.0;2847.0;138.0;44.0;63.0;3101.1;362.2
Lourinh‹;11284.0;234.0;0.0;0.0;0.0;0.0;0.0;0.0;0.0;433.0;0.0;0.0;0.0;0.0;5040.0;0.0;0.0;0.0;0.0;0.0;0.0;0.0;0.0;0.0;0.0;0.0;0.0;5577.0;0.0;0.0;0.0;a>b>c>d>e;22917.0;12200.0;10717.0;25681.0;3963.0;16843.0;4876.0;2945.0;3179.0;57.0;706.5;6994.0;1833.0;24.0;794.0;754.0;1461.0;423.0;41.0;37.0;33.0;1435.8;179.3
Nazar_;6900.0;172.0;194.0;0.0;0.0;0.0;1311.0;430.0;0.0;453.0;0.0;0.0;0.0;1657.0;0.0;0.0;0.0;0.0;0.0;0.0;0.0;0.0;0.0;0.0;0.0;0.0;0.0;2683.0;0.0;0.0;0.0;b>a>c>d>e;14450.0;7332.0;7118.0;14712.0;2092.0;9646.0;2974.0;1406.0;1913.0;35.0;704.8;3263.0;262.0;0.0;353.0;189.0;772.0;249.0;36.0;0.0;8.0;875.7;122.6
îbidos;5426.0;0.0;194.0;0.0;0.0;0.0;0.0;0.0;0.0;387.0;0.0;0.0;0.0;2511.0;0.0;0.0;0.0;0.0;0.0;0.0;0.0;0.0;0.0;0.0;0.0;0.0;0.0;2334.0;0.0;0.0;0.0;b>a>c>d>e;10536.0;5823.0;4713.0;11726.0;1681.0;7342.0;2703.0;1370.0;1457.0;45.0;789.3;3558.0;486.0;0.0;294.0;331.0;810.0;249.0;18.0;12.0;25.0;624.2;76.0
Peniche;10154.0;218.0;229.0;0.0;0.0;0.0;0.0;0.0;0.0;4535.0;0.0;0.0;0.0;2512.0;0.0;0.0;0.0;0.0;0.0;0.0;0.0;0.0;0.0;0.0;0.0;0.0;0.0;2660.0;0.0;0.0;0.0;b>a>c>d>e;25384.0;10974.0;14410.0;27305.0;4112.0;17612.0;5581.0;2850.0;3158.0;45.0;737.2;7009.0;951.0;0.0;1681.0;613.0;1520.0;273.0;56.0;16.0;67.0;1682.3;214.8
Sobral de Monte Agraço;4402.0;0.0;0.0;0.0;0.0;0.0;0.0;0.0;0.0;2244.0;0.0;0.0;0.0;0.0;851.0;0.0;0.0;0.0;0.0;0.0;0.0;0.0;0.0;0.0;0.0;0.0;0.0;1307.0;0.0;0.0;0.0;a>b>c>d>e;8041.0;4622.0;3419.0;10202.0;1680.0;6767.0;1756.0;951.0;1324.0;23.0;717.4;2555.0;162.0;0.0;572.0;235.0;635.0;174.0;24.0;0.0;7.0;531.4;57.3
Torres Vedras;31635.0;670.0;0.0;0.0;1541.0;0.0;1184.0;0.0;0.0;2914.0;0.0;0.0;162.0;6707.0;0.0;0.0;0.0;0.0;0.0;0.0;0.0;0.0;0.0;0.0;0.0;0.0;0.0;18457.0;0.0;0.0;0.0;d>a>b>c>e;66871.0;34015.0;32856.0;79314.0;12021.0;51627.0;15667.0;7616.0;10130.0;219.0;778.4;24537.0;2767.0;5.0;4849.0;2499.0;6335.0;1287.0;185.0;80.0;144.0;4587.8;609.2
çgueda;21916.0;0.0;0.0;0.0;0.0;0.0;0.0;0.0;0.0;910.0;0.0;0.0;0.0;0.0;6899.0;0.0;0.0;0.0;0.0;0.0;0.0;0.0;0.0;0.0;0.0;0.0;0.0;14107.0;0.0;0.0;0.0;a>b>c>d>e;43762.0;23521.0;20241.0;47249.0;6321.0;31385.0;9544.0;4116.0;5589.0;112.0;798.1;18344.0;434.0;45.0;9519.0;1114.0;3912.0;605.0;132.0;28.0;58.0;2719.2;402.4
Albergaria-a-Velha;12447.0;203.0;5701.0;0.0;0.0;0.0;0.0;0.0;0.0;379.0;0.0;0.0;0.0;4857.0;0.0;0.0;0.0;0.0;0.0;0.0;0.0;0.0;0.0;0.0;0.0;0.0;0.0;1307.0;0.0;0.0;0.0;b>a>c>d>e;22811.0;13110.0;9701.0;24816.0;3545.0;16753.0;4518.0;2092.0;2783.0;71.0;804.1;7858.0;371.0;0.0;3283.0;754.0;1434.0;275.0;55.0;0.0;24.0;1321.9;178.8
Anadia;14383.0;0.0;556.0;0.0;0.0;0.0;6377.0;0.0;0.0;476.0;0.0;0.0;0.0;4846.0;0.0;0.0;0.0;0.0;0.0;0.0;0.0;0.0;0.0;0.0;0.0;0.0;0.0;2128.0;0.0;0.0;0.0;b>a>c>d>e;28424.0;15395.0;13029.0;28501.0;3455.0;18165.0;6882.0;3342.0;3287.0;53.0;780.7;8557.0;863.0;0.0;3373.0;771.0;1421.0;424.0;57.0;15.0;28.0;1406.4;163.2
Aveiro;31529.0;1366.0;0.0;0.0;0.0;0.0;3480.0;0.0;0.0;1259.0;235.0;0.0;123.0;0.0;0.0;0.0;0.0;16694.0;0.0;0.0;0.0;0.0;0.0;0.0;0.0;0.0;0.0;8372.0;0.0;0.0;0.0;a>b>c>d>e;70132.0;34330.0;35802.0;77452.0;11271.0;52525.0;13656.0;4769.0;10510.0;256.0;926.7;27386.0;438.0;15.0;7238.0;1429.0;5232.0;2742.0;357.0;0.0;116.0;4722.8;593.3
Estarreja;11411.0;0.0;0.0;0.0;0.0;0.0;978.0;0.0;0.0;1017.0;0.0;0.0;0.0;0.0;5253.0;0.0;0.0;0.0;0.0;0.0;0.0;0.0;0.0;0.0;0.0;0.0;0.0;4163.0;0.0;0.0;0.0;a>b>c>d>e;24852.0;12214.0;12638.0;26633.0;3705.0;17664.0;5264.0;2402.0;2878.0;52.0;862.4;7172.0;352.0;0.0;2103.0;698.0;1452.0;536.0;59.0;13.0;25.0;1533.5;238.7
êlhavo;12868.0;598.0;1125.0;0.0;0.0;0.0;0.0;0.0;0.0;719.0;0.0;0.0;0.0;6354.0;0.0;0.0;0.0;0.0;0.0;0.0;0.0;0.0;0.0;0.0;0.0;0.0;0.0;4072.0;0.0;0.0;0.0;b>a>c>d>e;35792.0;14351.0;21441.0;38456.0;5755.0;26092.0;6610.0;2602.0;4761.0;81.0;839.5;11358.0;1069.0;36.0;4811.0;566.0;1649.0;647.0;69.0;0.0;44.0;2428.4;317.8
Murtosa;4620.0;0.0;275.0;0.0;0.0;0.0;0.0;0.0;0.0;114.0;0.0;0.0;0.0;3441.0;0.0;0.0;0.0;0.0;0.0;0.0;0.0;0.0;0.0;0.0;0.0;0.0;0.0;790.0;0.0;0.0;0.0;b>a>c>d>e;10068.0;4852.0;5216.0;10463.0;1662.0;6653.0;2148.0;1199.0;880.0;13.0;673.0;2185.0;457.0;0.0;463.0;213.0;347.0;148.0;26.0;0.0;14.0;492.3;72.6
Oliveira do Bairro;10116.0;0.0;4068.0;0.0;0.0;0.0;0.0;0.0;0.0;309.0;0.0;0.0;0.0;4799.0;0.0;0.0;0.0;0.0;0.0;0.0;0.0;0.0;0.0;0.0;0.0;0.0;0.0;940.0;0.0;0.0;0.0;b>a>c>d>e;21025.0;10891.0;10134.0;23400.0;3554.0;15132.0;4714.0;2341.0;2628.0;47.0;783.7;8009.0;337.0;11.0;3581.0;616.0;1741.0;335.0;58.0;23.0;29.0;1234.1;146.4
Ovar;23679.0;1218.0;753.0;0.0;0.0;0.0;0.0;0.0;0.0;1535.0;0.0;0.0;0.0;11202.0;0.0;0.0;0.0;0.0;0.0;0.0;0.0;0.0;0.0;0.0;0.0;0.0;0.0;8971.0;0.0;0.0;0.0;a>b>c>d>e;49791.0;25541.0;24250.0;55007.0;7928.0;38053.0;9026.0;3949.0;7022.0;151.0;783.3;17333.0;342.0;7.0;7634.0;928.0;3732.0;1112.0;108.0;12.0;50.0;4230.4;496.8
Sever do Vouga;7339.0;0.0;670.0;0.0;0.0;0.0;0.0;0.0;0.0;160.0;0.0;0.0;0.0;2916.0;0.0;0.0;0.0;0.0;0.0;0.0;0.0;0.0;0.0;0.0;0.0;0.0;0.0;3593.0;0.0;0.0;0.0;b>a>c>d>e;11734.0;7759.0;3975.0;12063.0;1487.0;7715.0;2861.0;1212.0;1381.0;30.0;780.1;3607.0;246.0;14.0;1522.0;510.0;641.0;81.0;27.0;0.0;10.0;608.5;77.3
Vagos;11232.0;0.0;3903.0;0.0;0.0;0.0;0.0;0.0;0.0;238.0;0.0;0.0;0.0;5760.0;0.0;0.0;0.0;0.0;0.0;0.0;0.0;0.0;0.0;0.0;0.0;0.0;0.0;1331.0;0.0;0.0;0.0;b>a>c>d>e;22651.0;11872.0;10779.0;22889.0;3283.0;15073.0;4533.0;2666.0;2486.0;58.0;748.7;6000.0;291.0;15.0;2159.0;591.0;1324.0;385.0;44.0;30.0;34.0;1026.5;143.3
Arganil;6458.0;0.0;0.0;0.0;0.0;0.0;0.0;0.0;0.0;407.0;0.0;0.0;0.0;3965.0;0.0;0.0;0.0;0.0;0.0;0.0;0.0;0.0;0.0;0.0;0.0;0.0;0.0;2086.0;0.0;0.0;0.0;a>b>c>d>e;11271.0;7004.0;4267.0;11760.0;1244.0;7190.0;3327.0;1952.0;1249.0;21.0;670.6;2667.0;102.0;0.0;932.0;428.0;547.0;78.0;21.0;19.0;7.0;676.1;112.5
Cantanhede;17629.0;0.0;337.0;0.0;0.0;0.0;0.0;0.0;0.0;627.0;0.0;0.0;0.0;11293.0;0.0;0.0;0.0;0.0;0.0;0.0;0.0;0.0;0.0;0.0;0.0;0.0;0.0;5372.0;0.0;0.0;0.0;b>a>c>d>e;36678.0;19094.0;17584.0;36312.0;4473.0;22853.0;8987.0;4846.0;4096.0;70.0;805.1;10953.0;1235.0;57.0;2778.0;1349.0;2426.0;552.0;95.0;44.0;40.0;1816.0;225.8
Coimbra;58506.0;0.0;2492.0;0.0;0.0;0.0;5906.0;0.0;925.0;7078.0;528.0;0.0;0.0;0.0;0.0;0.0;0.0;0.0;0.0;0.0;0.0;0.0;18946.0;0.0;0.0;0.0;0.0;22631.0;0.0;0.0;0.0;b>a>c>d>e;129060.0;63734.0;65326.0;138058.0;17452.0;90418.0;30188.0;9331.0;21230.0;478.0;900.6;38902.0;790.0;48.0;3784.0;2509.0;8883.0;2808.0;528.0;38.0;199.0;8692.3;1108.6
Condeixa-a-Nova;7037.0;625.0;136.0;0.0;0.0;0.0;0.0;0.0;0.0;526.0;0.0;0.0;0.0;1935.0;0.0;0.0;0.0;0.0;0.0;0.0;0.0;0.0;0.0;0.0;0.0;0.0;0.0;3815.0;0.0;0.0;0.0;a>b>c>d>e;13924.0;7665.0;6259.0;17346.0;2729.0;11376.0;3241.0;1705.0;2438.0;39.0;735.2;3379.0;93.0;8.0;737.0;298.0;698.0;243.0;32.0;0.0;13.0;822.3;100.3
Figueira da Foz;25313.0;885.0;0.0;0.0;0.0;0.0;0.0;0.0;0.0;2189.0;310.0;0.0;0.0;0.0;0.0;0.0;0.0;0.0;8918.0;0.0;0.0;0.0;0.0;0.0;0.0;0.0;0.0;13011.0;0.0;0.0;0.0;a>b>c>d>e;58844.0;28074.0;30770.0;61291.0;7908.0;39299.0;14084.0;6642.0;8623.0;132.0;874.2;17464.0;895.0;36.0;4507.0;2019.0;3298.0;1357.0;145.0;17.0;91.0;4374.1;524.8
G—is;2546.0;0.0;85.0;0.0;0.0;0.0;1143.0;0.0;0.0;31.0;0.0;0.0;0.0;0.0;0.0;0.0;0.0;0.0;0.0;0.0;0.0;0.0;0.0;0.0;0.0;0.0;0.0;1287.0;0.0;0.0;0.0;b>a>c>d>e;3870.0;2717.0;1153.0;4100.0;447.0;2353.0;1300.0;830.0;393.0;5.0;620.8;841.0;92.0;0.0;136.0;251.0;155.0;27.0;0.0;0.0;4.0;187.2;27.6
Lous‹;7500.0;343.0;0.0;0.0;0.0;0.0;0.0;0.0;0.0;316.0;0.0;0.0;0.0;0.0;1442.0;0.0;0.0;0.0;0.0;0.0;0.0;0.0;0.0;0.0;0.0;0.0;0.0;5399.0;0.0;0.0;0.0;a>b>c>d>e;15182.0;8134.0;7048.0;17385.0;2822.0;11542.0;3021.0;1314.0;2466.0;36.0;744.7;3552.0;87.0;0.0;987.0;374.0;812.0;231.0;37.0;0.0;15.0;1128.0;176.3
Mealhada;8854.0;165.0;0.0;0.0;0.0;0.0;0.0;0.0;0.0;751.0;0.0;0.0;0.0;0.0;0.0;0.0;3475.0;0.0;0.0;0.0;0.0;0.0;0.0;0.0;0.0;0.0;0.0;4463.0;0.0;0.0;0.0;a>b>c>d>e;18847.0;9521.0;9326.0;20299.0;2741.0;13208.0;4351.0;1807.0;2644.0;42.0;739.1;5635.0;339.0;0.0;945.0;463.0;1013.0;304.0;42.0;25.0;17.0;1011.3;146.3
Mira;7106.0;0.0;67.0;0.0;0.0;0.0;866.0;0.0;0.0;87.0;0.0;0.0;0.0;3086.0;0.0;0.0;0.0;0.0;0.0;0.0;0.0;0.0;0.0;0.0;0.0;0.0;0.0;3000.0;0.0;0.0;0.0;b>a>c>d>e;13194.0;7539.0;5655.0;12292.0;1552.0;7717.0;3024.0;1664.0;1340.0;35.0;711.9;3169.0;445.0;0.0;738.0;275.0;760.0;106.0;27.0;0.0;4.0;723.9;78.3
Miranda do Corvo;6600.0;136.0;0.0;0.0;0.0;0.0;0.0;0.0;0.0;583.0;0.0;0.0;0.0;0.0;2583.0;0.0;0.0;0.0;0.0;0.0;0.0;0.0;0.0;0.0;0.0;0.0;0.0;3298.0;0.0;0.0;0.0;a>b>c>d>e;11292.0;6918.0;4374.0;13016.0;1668.0;8625.0;2724.0;1366.0;1640.0;21.0;661.1;2241.0;263.0;0.0;139.0;478.0;565.0;133.0;17.0;0.0;8.0;669.9;103.3
Montemor-o-Velho;12654.0;271.0;0.0;0.0;0.0;0.0;0.0;555.0;0.0;1498.0;0.0;0.0;0.0;0.0;4861.0;0.0;0.0;0.0;0.0;0.0;0.0;0.0;0.0;0.0;0.0;0.0;0.0;5469.0;0.0;0.0;0.0;a>b>c>d>e;22920.0;13520.0;9400.0;25980.0;3275.0;16799.0;5906.0;3265.0;3402.0;30.0;681.4;4918.0;954.0;0.0;761.0;645.0;865.0;347.0;25.0;39.0;22.0;1716.3;215.8
Mort‡gua;5523.0;0.0;463.0;0.0;0.0;0.0;0.0;0.0;0.0;46.0;0.0;0.0;0.0;2563.0;0.0;0.0;0.0;0.0;0.0;0.0;0.0;0.0;0.0;0.0;0.0;0.0;0.0;2451.0;0.0;0.0;0.0;b>a>c>d>e;10088.0;5777.0;4311.0;9392.0;1018.0;5789.0;2585.0;1437.0;934.0;22.0;758.0;2924.0;397.0;0.0;814.0;424.0;571.0;136.0;23.0;0.0;7.0;321.1;50.4
Oliveira do Hospital;11952.0;0.0;512.0;0.0;0.0;0.0;0.0;0.0;0.0;347.0;0.0;0.0;0.0;2714.0;0.0;0.0;0.0;0.0;0.0;0.0;0.0;0.0;0.0;0.0;0.0;0.0;0.0;8379.0;0.0;0.0;0.0;b>a>c>d>e;19048.0;12579.0;6469.0;20407.0;2568.0;12879.0;4961.0;2695.0;2123.0;36.0;659.5;5249.0;151.0;19.0;1663.0;1093.0;1097.0;136.0;35.0;19.0;13.0;1127.5;191.9
Pampilhosa da Serra;2704.0;0.0;0.0;0.0;0.0;0.0;0.0;0.0;0.0;29.0;0.0;0.0;0.0;2363.0;0.0;0.0;0.0;0.0;0.0;0.0;0.0;0.0;0.0;0.0;0.0;0.0;0.0;312.0;0.0;0.0;0.0;a>b>c>d>e;4238.0;2843.0;1395.0;4286.0;318.0;2239.0;1729.0;1213.0;350.0;2.0;679.8;487.0;49.0;0.0;34.0;140.0;103.0;10.0;11.0;0.0;1.0;128.3;17.2
Penacova;8070.0;0.0;0.0;0.0;0.0;0.0;0.0;0.0;0.0;502.0;0.0;0.0;0.0;0.0;3178.0;0.0;0.0;0.0;0.0;0.0;0.0;0.0;0.0;0.0;0.0;0.0;0.0;4390.0;0.0;0.0;0.0;a>b>c>d>e;14941.0;8515.0;6426.0;14783.0;1704.0;9347.0;3732.0;2163.0;1437.0;15.0;687.7;2782.0;147.0;0.0;260.0;659.0;686.0;139.0;24.0;0.0;11.0;630.8;92.7
Penela;3185.0;0.0;43.0;0.0;0.0;0.0;0.0;0.0;0.0;74.0;0.0;0.0;0.0;1723.0;0.0;0.0;0.0;0.0;0.0;0.0;0.0;0.0;0.0;0.0;0.0;0.0;0.0;1345.0;0.0;0.0;0.0;b>a>c>d>e;5301.0;3360.0;1941.0;5778.0;711.0;3401.0;1667.0;916.0;632.0;6.0;677.5;1449.0;92.0;0.0;293.0;212.0;221.0;134.0;0.0;0.0;3.0;276.1;32.6
Soure;10077.0;0.0;0.0;0.0;0.0;0.0;851.0;0.0;0.0;1063.0;0.0;0.0;0.0;0.0;0.0;0.0;0.0;3960.0;0.0;0.0;0.0;0.0;0.0;0.0;0.0;0.0;0.0;4203.0;0.0;0.0;0.0;a>b>c>d>e;18257.0;10700.0;7557.0;18620.0;2163.0;11236.0;5222.0;3205.0;2579.0;19.0;698.4;2941.0;251.0;0.0;606.0;282.0;761.0;123.0;20.0;10.0;9.0;911.4;121.1
T‡bua;6255.0;0.0;0.0;0.0;0.0;0.0;0.0;0.0;0.0;514.0;0.0;0.0;0.0;0.0;1902.0;0.0;0.0;0.0;0.0;0.0;0.0;0.0;0.0;0.0;0.0;0.0;0.0;3839.0;0.0;0.0;0.0;a>b>c>d>e;10734.0;6689.0;4045.0;11893.0;1551.0;7569.0;2773.0;1575.0;1201.0;20.0;616.3;3456.0;126.0;0.0;1826.0;279.0;523.0;56.0;18.0;0.0;7.0;723.7;117.8
Vila Nova de Poiares;3525.0;0.0;95.0;0.0;0.0;0.0;0.0;0.0;0.0;99.0;0.0;0.0;0.0;1283.0;0.0;0.0;0.0;0.0;0.0;0.0;0.0;0.0;0.0;0.0;0.0;0.0;0.0;2048.0;0.0;0.0;0.0;b>a>c>d>e;6310.0;3686.0;2624.0;7174.0;1030.0;4812.0;1333.0;803.0;867.0;18.0;688.6;2237.0;44.0;0.0;547.0;171.0;894.0;103.0;0.0;0.0;4.0;439.9;71.3
Alvai‡zere;4082.0;0.0;724.0;0.0;0.0;0.0;0.0;0.0;0.0;45.0;0.0;0.0;0.0;2503.0;0.0;0.0;0.0;0.0;0.0;0.0;0.0;0.0;0.0;0.0;0.0;0.0;0.0;810.0;0.0;0.0;0.0;b>a>c>d>e;7010.0;4323.0;2687.0;7102.0;736.0;4093.0;2274.0;1364.0;708.0;13.0;623.0;1933.0;105.0;0.0;270.0;379.0;411.0;22.0;22.0;0.0;5.0;315.8;55.0
Ansi‹o;6940.0;0.0;228.0;0.0;0.0;0.0;0.0;0.0;0.0;220.0;0.0;0.0;0.0;3641.0;0.0;0.0;0.0;0.0;0.0;0.0;0.0;0.0;0.0;0.0;0.0;0.0;0.0;2851.0;0.0;0.0;0.0;b>a>c>d>e;12226.0;7383.0;4843.0;12835.0;1557.0;7947.0;3332.0;2027.0;1566.0;39.0;692.0;3228.0;108.0;8.0;799.0;591.0;703.0;88.0;31.0;12.0;22.0;686.8;98.7
Batalha;6576.0;0.0;863.0;0.0;0.0;0.0;0.0;0.0;0.0;303.0;0.0;0.0;0.0;4210.0;0.0;0.0;0.0;0.0;0.0;0.0;0.0;0.0;0.0;0.0;0.0;0.0;0.0;1200.0;0.0;0.0;0.0;b>a>c>d>e;14172.0;7623.0;6549.0;15812.0;2362.0;10455.0;2996.0;1478.0;2013.0;41.0;753.9;6979.0;232.0;86.0;1890.0;1324.0;1636.0;372.0;41.0;0.0;17.0;668.9;81.1
Castanheira de Pêra;1954.0;0.0;70.0;0.0;0.0;0.0;311.0;0.0;0.0;34.0;0.0;0.0;0.0;634.0;0.0;0.0;0.0;0.0;0.0;0.0;0.0;0.0;0.0;0.0;0.0;0.0;0.0;905.0;0.0;0.0;0.0;b>a>c>d>e;2931.0;2079.0;852.0;2983.0;294.0;1740.0;950.0;518.0;294.0;1.0;787.9;572.0;25.0;0.0;202.0;50.0;82.0;36.0;0.0;0.0;6.0;205.6;26.4
Figueir— dos Vinhos;4002.0;0.0;413.0;0.0;0.0;0.0;0.0;0.0;0.0;42.0;0.0;0.0;0.0;1764.0;0.0;0.0;0.0;0.0;0.0;0.0;0.0;0.0;0.0;0.0;0.0;0.0;0.0;1783.0;0.0;0.0;0.0;b>a>c>d>e;6164.0;4233.0;1931.0;5986.0;616.0;3544.0;1827.0;1037.0;634.0;4.0;687.4;1026.0;70.0;0.0;124.0;209.0;276.0;26.0;0.0;0.0;5.0;444.2;75.3
Leiria;48900.0;1865.0;2639.0;0.0;0.0;0.0;0.0;0.0;0.0;2495.0;0.0;0.0;0.0;15735.0;0.0;0.0;0.0;0.0;0.0;0.0;0.0;0.0;0.0;0.0;0.0;0.0;0.0;26166.0;0.0;0.0;0.0;b>a>c>d>e;113378.0;56503.0;56875.0;126163.0;18611.0;85091.0;22461.0;10931.0;17851.0;438.0;821.2;45735.0;1382.0;223.0;11307.0;6762.0;10211.0;3048.0;453.0;93.0;185.0;6642.8;876.8
Marinha Grande;14607.0;442.0;169.0;0.0;0.0;0.0;3646.0;0.0;0.0;3925.0;0.0;0.0;0.0;1680.0;0.0;0.0;0.0;0.0;0.0;0.0;0.0;0.0;0.0;0.0;0.0;0.0;0.0;4745.0;0.0;0.0;0.0;a>b>c>d>e;33555.0;15856.0;17699.0;38705.0;5715.0;25425.0;7565.0;3198.0;5809.0;109.0;950.6;13772.0;65.0;0.0;6850.0;446.0;2301.0;1006.0;89.0;0.0;48.0;2131.0;274.8
Pedr—g‹o Grande;2185.0;0.0;0.0;0.0;0.0;0.0;0.0;0.0;0.0;30.0;0.0;0.0;0.0;1309.0;0.0;0.0;0.0;0.0;0.0;0.0;0.0;0.0;0.0;0.0;0.0;0.0;0.0;846.0;0.0;0.0;0.0;a>b>c>d>e;3604.0;2313.0;1291.0;3724.0;448.0;2094.0;1182.0;697.0;392.0;14.0;659.7;814.0;47.0;0.0;202.0;54.0;195.0;45.0;0.0;0.0;5.0;199.3;31.1
Pombal;22535.0;0.0;1528.0;0.0;0.0;0.0;0.0;0.0;0.0;789.0;0.0;0.0;0.0;13598.0;0.0;0.0;0.0;0.0;0.0;0.0;0.0;0.0;0.0;0.0;0.0;0.0;0.0;6620.0;0.0;0.0;0.0;b>a>c>d>e;55115.0;24728.0;30387.0;54413.0;7306.0;34341.0;12766.0;8928.0;6453.0;129.0;745.3;17431.0;583.0;233.0;3473.0;3733.0;3694.0;609.0;123.0;102.0;90.0;2367.7;321.2
Porto de M—s;11279.0;0.0;466.0;0.0;0.0;0.0;0.0;0.0;0.0;459.0;0.0;0.0;0.0;3371.0;0.0;0.0;0.0;0.0;0.0;0.0;0.0;0.0;0.0;0.0;0.0;0.0;0.0;6983.0;0.0;0.0;0.0;b>a>c>d>e;21653.0;12354.0;9299.0;24082.0;3454.0;15568.0;5061.0;2569.0;2801.0;47.0;766.0;7514.0;311.0;429.0;2493.0;954.0;1399.0;241.0;69.0;31.0;25.0;1263.1;146.5
Aguiar da Beira;4214.0;0.0;0.0;0.0;0.0;0.0;2231.0;0.0;0.0;34.0;0.0;0.0;0.0;1949.0;0.0;0.0;0.0;0.0;0.0;0.0;0.0;0.0;0.0;0.0;0.0;0.0;0.0;0.0;0.0;0.0;0.0;a>b>c>d>e;6648.0;4375.0;2273.0;5266.0;542.0;3283.0;1441.0;1236.0;514.0;8.0;604.0;1300.0;216.0;22.0;164.0;199.0;362.0;15.0;18.0;0.0;5.0;222.4;49.3
Carregal do Sal;5137.0;0.0;300.0;0.0;0.0;0.0;0.0;0.0;0.0;97.0;0.0;0.0;0.0;1858.0;0.0;0.0;0.0;0.0;0.0;0.0;0.0;0.0;0.0;0.0;0.0;0.0;0.0;2882.0;0.0;0.0;0.0;b>a>c>d>e;10038.0;5458.0;4580.0;9684.0;1309.0;6008.0;2367.0;1317.0;993.0;14.0;703.2;2362.0;177.0;0.0;813.0;251.0;383.0;81.0;19.0;0.0;6.0;581.5;87.9
Castro Daire;9389.0;0.0;392.0;0.0;0.0;0.0;0.0;0.0;0.0;151.0;0.0;0.0;0.0;3508.0;0.0;0.0;0.0;0.0;0.0;0.0;0.0;0.0;0.0;0.0;0.0;0.0;0.0;5338.0;0.0;0.0;0.0;b>a>c>d>e;16462.0;9851.0;6611.0;14883.0;1919.0;9039.0;3925.0;2765.0;1262.0;28.0;638.6;2810.0;0.0;48.0;388.0;472.0;714.0;100.0;30.0;6.0;12.0;915.4;164.5
Mangualde;10548.0;0.0;0.0;0.0;0.0;0.0;0.0;0.0;0.0;347.0;0.0;0.0;0.0;0.0;3016.0;0.0;0.0;0.0;0.0;0.0;0.0;0.0;0.0;0.0;0.0;0.0;0.0;7185.0;0.0;0.0;0.0;a>b>c>d>e;20265.0;11303.0;8962.0;19559.0;2642.0;12333.0;4585.0;2272.0;2135.0;32.0;738.6;6925.0;0.0;82.0;2624.0;492.0;993.0;140.0;45.0;0.0;17.0;1303.6;169.3
Nelas;7336.0;0.0;0.0;0.0;0.0;0.0;0.0;0.0;0.0;343.0;0.0;0.0;0.0;0.0;3490.0;0.0;0.0;0.0;0.0;0.0;0.0;0.0;0.0;0.0;0.0;0.0;0.0;3503.0;0.0;0.0;0.0;a>b>c>d>e;13823.0;7926.0;5897.0;13734.0;1830.0;8568.0;3336.0;1529.0;1601.0;20.0;804.0;3365.0;0.0;0.0;1249.0;296.0;569.0;141.0;31.0;0.0;8.0;893.4;122.6
Oliveira de Frades;5416.0;225.0;0.0;0.0;0.0;0.0;0.0;0.0;0.0;158.0;0.0;0.0;0.0;0.0;4125.0;0.0;0.0;0.0;0.0;0.0;0.0;0.0;0.0;0.0;0.0;0.0;0.0;908.0;0.0;0.0;0.0;a>b>c>d>e;9370.0;5776.0;3594.0;10180.0;1487.0;6565.0;2129.0;1041.0;1132.0;28.0;865.9;5299.0;440.0;0.0;2744.0;521.0;802.0;131.0;32.0;0.0;13.0;494.1;78.1
Penalva do Castelo;5211.0;0.0;0.0;0.0;0.0;0.0;0.0;0.0;0.0;178.0;0.0;0.0;0.0;0.0;2265.0;0.0;0.0;0.0;0.0;0.0;0.0;0.0;0.0;0.0;0.0;0.0;0.0;2768.0;0.0;0.0;0.0;a>b>c>d>e;8766.0;5458.0;3308.0;7737.0;897.0;4650.0;2191.0;1509.0;640.0;8.0;639.0;1559.0;362.0;31.0;155.0;391.0;213.0;23.0;0.0;0.0;1.0;435.6;72.4
Santa Comba D‹o;6300.0;0.0;307.0;0.0;0.0;0.0;0.0;0.0;0.0;88.0;0.0;0.0;0.0;2657.0;0.0;0.0;0.0;0.0;0.0;0.0;0.0;0.0;0.0;0.0;0.0;0.0;0.0;3248.0;0.0;0.0;0.0;b>a>c>d>e;11511.0;6689.0;4822.0;11242.0;1409.0;6944.0;2889.0;1432.0;1255.0;12.0;705.1;2301.0;0.0;0.0;465.0;369.0;460.0;210.0;19.0;0.0;20.0;601.6;88.7
S‹o Pedro do Sul;10622.0;146.0;0.0;0.0;0.0;0.0;732.0;0.0;0.0;82.0;0.0;0.0;0.0;4164.0;0.0;0.0;0.0;0.0;0.0;0.0;0.0;0.0;0.0;0.0;0.0;0.0;0.0;5498.0;0.0;0.0;0.0;a>b>c>d>e;17177.0;11042.0;6135.0;16429.0;2016.0;10070.0;4343.0;2341.0;1779.0;28.0;630.7;3229.0;267.0;0.0;665.0;407.0;676.0;142.0;23.0;21.0;19.0;881.8;155.8
S‡t‹o;7092.0;0.0;281.0;0.0;0.0;0.0;0.0;0.0;0.0;217.0;0.0;0.0;0.0;4096.0;0.0;0.0;0.0;0.0;0.0;0.0;0.0;0.0;0.0;0.0;0.0;0.0;0.0;2498.0;0.0;0.0;0.0;b>a>c>d>e;13953.0;7470.0;6483.0;12204.0;1522.0;7862.0;2821.0;1913.0;1249.0;12.0;597.4;2362.0;0.0;8.0;480.0;486.0;448.0;71.0;18.0;0.0;5.0;690.5;106.4
Tondela;15079.0;0.0;1572.0;0.0;0.0;0.0;0.0;0.0;0.0;598.0;0.0;0.0;0.0;8720.0;0.0;0.0;0.0;0.0;0.0;0.0;0.0;0.0;0.0;0.0;0.0;0.0;0.0;4189.0;0.0;0.0;0.0;b>a>c>d>e;29109.0;16304.0;12805.0;28328.0;3282.0;17195.0;7851.0;3832.0;3073.0;55.0;777.8;7602.0;806.0;10.0;2444.0;839.0;1373.0;444.0;59.0;0.0;18.0;1149.2;196.7
Vila Nova de Paiva;3240.0;0.0;264.0;0.0;0.0;0.0;0.0;0.0;0.0;59.0;0.0;0.0;0.0;1026.0;0.0;0.0;0.0;0.0;0.0;0.0;0.0;0.0;0.0;0.0;0.0;0.0;0.0;1891.0;0.0;0.0;0.0;b>a>c>d>e;6893.0;3380.0;3513.0;5043.0;646.0;3077.0;1321.0;888.0;518.0;12.0;612.3;849.0;123.0;0.0;90.0;120.0;282.0;15.0;0.0;0.0;3.0;333.6;54.9
Viseu;41811.0;1752.0;4414.0;0.0;0.0;0.0;0.0;0.0;0.0;1857.0;0.0;0.0;0.0;21402.0;0.0;0.0;0.0;0.0;0.0;0.0;0.0;0.0;0.0;0.0;0.0;0.0;0.0;12386.0;0.0;0.0;0.0;b>a>c>d>e;96168.0;46151.0;50017.0;98601.0;14813.0;65292.0;18496.0;8360.0;13792.0;288.0;763.3;24646.0;1035.0;82.0;3106.0;3361.0;5944.0;1554.0;344.0;23.0;166.0;6187.1;831.8
Vouzela;6414.0;223.0;180.0;0.0;0.0;0.0;0.0;0.0;0.0;76.0;0.0;0.0;0.0;3329.0;0.0;0.0;0.0;0.0;0.0;0.0;0.0;0.0;0.0;0.0;0.0;0.0;0.0;2606.0;0.0;0.0;0.0;a>b>c>d>e;10124.0;6752.0;3372.0;10282.0;1216.0;6266.0;2800.0;1360.0;1038.0;15.0;678.7;2083.0;358.0;0.0;473.0;400.0;363.0;81.0;0.0;0.0;3.0;515.5;80.8
Castelo Branco;24116.0;665.0;777.0;0.0;0.0;0.0;0.0;0.0;0.0;1363.0;0.0;0.0;0.0;5207.0;0.0;0.0;0.0;0.0;0.0;0.0;0.0;0.0;0.0;0.0;0.0;0.0;0.0;16104.0;0.0;0.0;0.0;b>a>c>d>e;51325.0;26029.0;25296.0;54707.0;6970.0;34851.0;12887.0;6030.0;8265.0;106.0;745.8;12009.0;634.0;0.0;2044.0;1257.0;2830.0;581.0;172.0;0.0;69.0;3830.0;443.8
Idanha-a-Nova;5820.0;0.0;230.0;0.0;0.0;0.0;286.0;0.0;0.0;339.0;0.0;0.0;0.0;920.0;0.0;0.0;0.0;0.0;0.0;0.0;0.0;0.0;0.0;0.0;0.0;0.0;0.0;4045.0;0.0;0.0;0.0;b>a>c>d>e;9613.0;6307.0;3306.0;9224.0;902.0;4481.0;3841.0;2491.0;747.0;25.0;668.5;1694.0;536.0;0.0;149.0;157.0;293.0;42.0;0.0;18.0;6.0;466.1;62.1
Oleiros;3755.0;0.0;0.0;0.0;0.0;0.0;1614.0;0.0;0.0;54.0;0.0;0.0;0.0;2087.0;0.0;0.0;0.0;0.0;0.0;0.0;0.0;0.0;0.0;0.0;0.0;0.0;0.0;0.0;0.0;0.0;0.0;a>b>c>d>e;5560.0;3982.0;1578.0;5494.0;393.0;3029.0;2073.0;1381.0;432.0;5.0;679.1;991.0;98.0;0.0;278.0;145.0;214.0;22.0;11.0;0.0;3.0;224.9;28.8
Penamacor;3588.0;0.0;340.0;0.0;0.0;0.0;0.0;0.0;0.0;77.0;0.0;0.0;0.0;0.0;0.0;0.0;0.0;0.0;0.0;1142.0;0.0;0.0;0.0;0.0;0.0;0.0;0.0;2029.0;0.0;0.0;0.0;b>a>c>d>e;5579.0;3797.0;1782.0;5384.0;407.0;2770.0;2207.0;1451.0;456.0;11.0;657.2;791.0;118.0;0.0;82.0;188.0;178.0;59.0;0.0;0.0;2.0;203.7;29.9
Proença-a-Nova;4818.0;0.0;0.0;0.0;0.0;0.0;0.0;0.0;0.0;100.0;0.0;0.0;0.0;980.0;0.0;0.0;0.0;0.0;0.0;0.0;0.0;0.0;0.0;0.0;0.0;0.0;0.0;3738.0;0.0;0.0;0.0;a>b>c>d>e;7964.0;5137.0;2827.0;8053.0;767.0;4721.0;2566.0;1451.0;937.0;7.0;667.2;1607.0;80.0;0.0;318.0;280.0;379.0;111.0;22.0;0.0;5.0;361.2;50.8
Vila Velha de R—d‹o;2148.0;0.0;59.0;0.0;0.0;0.0;0.0;0.0;0.0;81.0;0.0;0.0;0.0;459.0;0.0;0.0;0.0;0.0;0.0;0.0;0.0;0.0;0.0;0.0;0.0;0.0;0.0;1549.0;0.0;0.0;0.0;b>a>c>d>e;3125.0;2232.0;893.0;3407.0;176.0;1863.0;1369.0;616.0;309.0;4.0;939.2;854.0;108.0;0.0;405.0;46.0;76.0;32.0;0.0;0.0;0.0;127.5;15.3
Abrantes;16685.0;1185.0;1089.0;0.0;0.0;0.0;0.0;0.0;0.0;2400.0;0.0;0.0;0.0;3389.0;0.0;0.0;0.0;0.0;0.0;0.0;0.0;0.0;0.0;0.0;0.0;0.0;0.0;8622.0;0.0;0.0;0.0;a>b>c>d>e;35075.0;18210.0;16865.0;37895.0;4672.0;23236.0;9987.0;4396.0;4933.0;47.0;835.4;7143.0;443.0;0.0;1826.0;524.0;1644.0;438.0;87.0;17.0;22.0;2649.0;347.2
Alcanena;6975.0;0.0;0.0;0.0;0.0;0.0;1102.0;0.0;0.0;514.0;0.0;0.0;0.0;0.0;2178.0;0.0;0.0;0.0;0.0;0.0;0.0;0.0;0.0;0.0;0.0;0.0;0.0;3181.0;0.0;0.0;0.0;a>b>c>d>e;12809.0;7445.0;5364.0;13490.0;1797.0;8497.0;3197.0;1342.0;1807.0;43.0;799.3;6125.0;86.0;0.0;2387.0;196.0;1429.0;150.0;30.0;0.0;15.0;513.7;80.9
Const‰ncia;2270.0;0.0;0.0;210.0;0.0;0.0;0.0;0.0;0.0;1080.0;0.0;0.0;0.0;80.0;0.0;0.0;0.0;0.0;0.0;0.0;0.0;0.0;0.0;0.0;0.0;0.0;0.0;900.0;0.0;0.0;0.0;c>a>b>d>e;3491.0;2370.0;1121.0;4041.0;628.0;2535.0;878.0;404.0;556.0;6.0;943.6;999.0;55.0;0.0;618.0;19.0;56.0;27.0;18.0;0.0;1.0;232.0;37.7
Entroncamento;7779.0;931.0;522.0;0.0;0.0;0.0;0.0;0.0;0.0;968.0;0.0;0.0;0.0;1768.0;0.0;0.0;0.0;0.0;0.0;0.0;0.0;0.0;0.0;0.0;0.0;0.0;0.0;3590.0;0.0;0.0;0.0;a>b>c>d>e;17263.0;8555.0;8708.0;20433.0;3233.0;13549.0;3651.0;1002.0;3615.0;39.0;854.4;4733.0;39.0;0.0;1420.0;182.0;1196.0;509.0;48.0;0.0;14.0;959.4;141.8
Ferreira do Zêzere;4989.0;0.0;125.0;0.0;0.0;0.0;0.0;0.0;0.0;96.0;0.0;0.0;0.0;2527.0;0.0;0.0;0.0;0.0;0.0;0.0;0.0;0.0;0.0;0.0;0.0;0.0;0.0;2241.0;0.0;0.0;0.0;b>a>c>d>e;7933.0;5302.0;2631.0;8409.0;1048.0;5055.0;2306.0;1453.0;892.0;16.0;663.9;1927.0;516.0;0.0;224.0;398.0;384.0;69.0;13.0;0.0;3.0;305.0;45.7
Maç‹o;4723.0;0.0;110.0;0.0;0.0;0.0;0.0;0.0;0.0;183.0;0.0;0.0;0.0;2642.0;0.0;0.0;0.0;0.0;0.0;0.0;0.0;0.0;0.0;0.0;0.0;0.0;0.0;1788.0;0.0;0.0;0.0;b>a>c>d>e;6887.0;5009.0;1878.0;7018.0;599.0;3818.0;2601.0;1346.0;653.0;12.0;653.6;1311.0;103.0;0.0;295.0;215.0;330.0;69.0;12.0;0.0;6.0;283.8;44.3
Our_m;21587.0;0.0;0.0;0.0;0.0;0.0;2680.0;0.0;0.0;741.0;0.0;0.0;0.0;0.0;9023.0;0.0;0.0;0.0;0.0;0.0;0.0;0.0;0.0;0.0;0.0;0.0;0.0;9143.0;0.0;0.0;0.0;a>b>c>d>e;43331.0;23529.0;19802.0;45545.0;6380.0;29387.0;9779.0;5947.0;5559.0;112.0;749.6;14211.0;254.0;78.0;2794.0;2406.0;3450.0;558.0;163.0;13.0;56.0;1901.5;253.0
Sardoal;2468.0;0.0;0.0;0.0;0.0;0.0;497.0;0.0;0.0;66.0;0.0;0.0;0.0;1284.0;0.0;0.0;0.0;0.0;0.0;0.0;0.0;0.0;0.0;0.0;0.0;0.0;0.0;621.0;0.0;0.0;0.0;a>b>c>d>e;3503.0;2590.0;913.0;3894.0;445.0;2446.0;1003.0;451.0;498.0;6.0;655.9;633.0;46.0;0.0;67.0;155.0;133.0;31.0;0.0;0.0;7.0;253.4;44.9
Sert‹;8803.0;0.0;384.0;0.0;0.0;0.0;160.0;0.0;0.0;141.0;0.0;0.0;0.0;5776.0;0.0;0.0;0.0;0.0;0.0;0.0;0.0;0.0;0.0;0.0;0.0;0.0;0.0;2342.0;0.0;0.0;0.0;b>a>c>d>e;14826.0;9375.0;5451.0;15517.0;1931.0;9271.0;4315.0;2592.0;1785.0;22.0;652.3;3604.0;286.0;0.0;738.0;608.0;903.0;79.0;35.0;34.0;13.0;897.3;159.2
Tomar;18112.0;585.0;560.0;0.0;0.0;0.0;3094.0;1369.0;0.0;1827.0;0.0;0.0;0.0;5198.0;0.0;0.0;0.0;0.0;0.0;0.0;0.0;0.0;0.0;0.0;0.0;0.0;0.0;5479.0;0.0;0.0;0.0;a>b>c>d>e;37310.0;19886.0;17424.0;39376.0;4789.0;24453.0;10135.0;4049.0;5456.0;55.0;771.6;7343.0;298.0;0.0;1111.0;964.0;1942.0;398.0;92.0;11.0;35.0;2038.5;270.1
Torres Novas;15597.0;1697.0;587.0;0.0;0.0;0.0;0.0;0.0;0.0;2742.0;0.0;0.0;0.0;2931.0;0.0;0.0;0.0;0.0;0.0;0.0;0.0;0.0;0.0;0.0;0.0;0.0;0.0;7640.0;0.0;0.0;0.0;a>b>c>d>e;32546.0;17102.0;15444.0;36197.0;4859.0;22661.0;8677.0;3412.0;5155.0;61.0;799.9;9248.0;393.0;0.0;2013.0;846.0;1803.0;719.0;100.0;0.0;51.0;1658.8;208.1
Vila de Rei;1986.0;0.0;172.0;0.0;0.0;0.0;0.0;0.0;0.0;54.0;0.0;0.0;0.0;1096.0;0.0;0.0;0.0;0.0;0.0;0.0;0.0;0.0;0.0;0.0;0.0;0.0;0.0;664.0;0.0;0.0;0.0;b>a>c>d>e;2967.0;2131.0;836.0;3452.0;267.0;1941.0;1244.0;686.0;328.0;7.0;628.6;578.0;43.0;0.0;146.0;97.0;110.0;17.0;8.0;0.0;5.0;109.2;22.7
Vila Nova da Barquinha;3419.0;0.0;153.0;0.0;0.0;0.0;0.0;0.0;0.0;513.0;0.0;0.0;0.0;649.0;0.0;0.0;0.0;0.0;0.0;0.0;0.0;0.0;0.0;0.0;0.0;0.0;0.0;2104.0;0.0;0.0;0.0;b>a>c>d>e;6479.0;3681.0;2798.0;7332.0;998.0;4480.0;1854.0;626.0;1061.0;8.0;677.3;879.0;17.0;0.0;95.0;77.0;256.0;84.0;0.0;0.0;10.0;307.7;50.8
Almeida;4678.0;0.0;0.0;0.0;0.0;0.0;0.0;0.0;0.0;170.0;0.0;0.0;0.0;0.0;2793.0;0.0;0.0;0.0;0.0;0.0;0.0;0.0;0.0;0.0;0.0;0.0;0.0;1715.0;0.0;0.0;0.0;a>b>c>d>e;7899.0;4958.0;2941.0;6732.0;489.0;3890.0;2353.0;1150.0;794.0;6.0;637.9;1147.0;179.0;0.0;66.0;145.0;243.0;56.0;22.0;0.0;7.0;261.8;32.3
Belmonte;3765.0;0.0;103.0;0.0;0.0;0.0;1064.0;0.0;0.0;300.0;0.0;0.0;0.0;0.0;0.0;0.0;0.0;0.0;0.0;0.0;0.0;0.0;0.0;0.0;0.0;0.0;0.0;2298.0;0.0;0.0;0.0;b>a>c>d>e;6646.0;4034.0;2612.0;6698.0;761.0;4258.0;1680.0;988.0;796.0;14.0;647.4;1936.0;117.0;0.0;728.0;267.0;376.0;70.0;18.0;0.0;6.0;498.7;53.9
Celorico da Beira;5383.0;0.0;0.0;0.0;0.0;0.0;0.0;0.0;0.0;78.0;0.0;0.0;0.0;0.0;2317.0;0.0;0.0;0.0;0.0;0.0;0.0;0.0;0.0;0.0;0.0;0.0;0.0;2951.0;0.0;0.0;37.0;a>b>c>d>e;8656.0;5621.0;3035.0;7458.0;882.0;4405.0;2171.0;1312.0;722.0;7.0;616.4;1396.0;166.0;0.0;369.0;98.0;256.0;39.0;16.0;0.0;5.0;484.8;74.9
Covilh‹;26920.0;503.0;0.0;0.0;0.0;0.0;8144.0;0.0;0.0;3166.0;0.0;0.0;0.0;4318.0;0.0;0.0;0.0;0.0;0.0;0.0;0.0;0.0;0.0;0.0;0.0;0.0;0.0;10789.0;0.0;0.0;0.0;a>b>c>d>e;49773.0;28762.0;21011.0;50118.0;6073.0;31922.0;12123.0;5682.0;6817.0;105.0;725.2;11482.0;422.0;364.0;3311.0;969.0;2179.0;717.0;115.0;0.0;113.0;3589.8;431.9
Figueira de Castelo Rodrigo;4329.0;0.0;0.0;0.0;0.0;0.0;0.0;0.0;0.0;34.0;0.0;0.0;0.0;1743.0;0.0;0.0;0.0;0.0;0.0;0.0;0.0;0.0;0.0;0.0;0.0;0.0;0.0;2552.0;0.0;0.0;0.0;a>b>c>d>e;6134.0;4507.0;1627.0;6118.0;689.0;3503.0;1927.0;1150.0;528.0;9.0;629.7;1061.0;368.0;0.0;137.0;83.0;165.0;21.0;16.0;0.0;4.0;265.6;43.9
Fornos de Algodres;3627.0;0.0;212.0;0.0;0.0;0.0;0.0;0.0;0.0;31.0;0.0;0.0;0.0;1613.0;0.0;0.0;0.0;0.0;0.0;0.0;0.0;0.0;0.0;0.0;0.0;0.0;0.0;1771.0;0.0;0.0;0.0;b>a>c>d>e;5319.0;3756.0;1563.0;4904.0;521.0;2977.0;1407.0;866.0;423.0;4.0;593.3;837.0;77.0;0.0;117.0;143.0;197.0;22.0;0.0;0.0;16.0;278.5;46.1
Fund‹o;14686.0;0.0;463.0;0.0;0.0;0.0;0.0;0.0;0.0;1186.0;0.0;0.0;0.0;8572.0;0.0;0.0;0.0;0.0;0.0;0.0;0.0;0.0;0.0;0.0;0.0;0.0;0.0;4134.0;0.0;0.0;331.0;b>a>c>d>e;28906.0;15894.0;13012.0;28380.0;3359.0;17359.0;7663.0;4506.0;3099.0;65.0;677.7;6476.0;863.0;0.0;1304.0;677.0;1523.0;219.0;61.0;30.0;32.0;1892.0;214.5
Gouveia;8547.0;0.0;0.0;0.0;0.0;0.0;0.0;0.0;0.0;385.0;0.0;0.0;0.0;0.0;4619.0;0.0;0.0;0.0;0.0;0.0;0.0;0.0;0.0;0.0;0.0;0.0;0.0;3543.0;0.0;0.0;0.0;a>b>c>d>e;15005.0;9152.0;5853.0;13553.0;1368.0;7840.0;4345.0;2126.0;1279.0;17.0;663.3;2242.0;244.0;0.0;300.0;341.0;564.0;151.0;0.0;0.0;10.0;864.9;124.9
Guarda;21817.0;871.0;0.0;0.0;0.0;0.0;0.0;0.0;0.0;925.0;576.0;0.0;0.0;0.0;12222.0;0.0;0.0;0.0;0.0;0.0;0.0;0.0;0.0;0.0;0.0;0.0;0.0;7223.0;0.0;0.0;0.0;a>b>c>d>e;39965.0;23766.0;16199.0;41272.0;5399.0;27230.0;8643.0;3848.0;5812.0;122.0;756.3;10628.0;552.0;0.0;2089.0;1135.0;2404.0;343.0;146.0;0.0;42.0;2770.9;344.5
Manteigas;2335.0;0.0;0.0;0.0;0.0;0.0;0.0;0.0;0.0;97.0;0.0;0.0;0.0;1144.0;0.0;0.0;0.0;0.0;0.0;0.0;0.0;0.0;0.0;0.0;0.0;0.0;0.0;1094.0;0.0;0.0;0.0;a>b>c>d>e;3671.0;2445.0;1226.0;3322.0;333.0;2106.0;884.0;436.0;368.0;1.0;679.6;535.0;23.0;0.0;50.0;123.0;113.0;32.0;0.0;0.0;0.0;216.1;27.8
Mêda;3782.0;0.0;1186.0;0.0;0.0;0.0;0.0;0.0;0.0;34.0;0.0;0.0;0.0;704.0;0.0;0.0;0.0;0.0;0.0;0.0;0.0;0.0;0.0;455.0;0.0;0.0;0.0;1403.0;0.0;0.0;0.0;b>a>c>d>e;5931.0;3972.0;1959.0;4984.0;484.0;2791.0;1709.0;1017.0;426.0;13.0;634.8;1145.0;355.0;0.0;102.0;226.0;193.0;17.0;9.0;0.0;2.0;155.1;23.1
Pinhel;6106.0;0.0;531.0;0.0;0.0;0.0;0.0;0.0;0.0;127.0;0.0;0.0;0.0;3542.0;0.0;0.0;0.0;0.0;0.0;0.0;0.0;0.0;0.0;0.0;0.0;0.0;0.0;1906.0;0.0;0.0;0.0;b>a>c>d>e;10236.0;6484.0;3752.0;9270.0;952.0;5367.0;2952.0;1642.0;941.0;18.0;641.0;2521.0;988.0;50.0;298.0;327.0;437.0;61.0;0.0;6.0;6.0;390.8;52.3
Sabugal;8125.0;0.0;382.0;0.0;0.0;0.0;0.0;0.0;0.0;152.0;0.0;0.0;0.0;3944.0;0.0;0.0;0.0;0.0;0.0;0.0;0.0;0.0;0.0;0.0;0.0;0.0;0.0;3405.0;0.0;0.0;242.0;b>a>c>d>e;15083.0;8619.0;6464.0;12030.0;924.0;6381.0;4726.0;2783.0;1092.0;19.0;642.4;2194.0;318.0;0.0;358.0;366.0;518.0;64.0;27.0;0.0;12.0;444.6;92.9
Seia;12839.0;0.0;0.0;0.0;0.0;0.0;0.0;0.0;0.0;1014.0;0.0;0.0;0.0;0.0;4042.0;0.0;0.0;0.0;0.0;0.0;0.0;0.0;0.0;0.0;0.0;0.0;0.0;7783.0;0.0;0.0;0.0;a>b>c>d>e;24715.0;13985.0;10730.0;23958.0;2496.0;15328.0;6135.0;3096.0;2768.0;50.0;672.7;5271.0;230.0;0.0;1348.0;671.0;1330.0;161.0;55.0;39.0;30.0;1482.8;233.2
Trancoso;6461.0;0.0;127.0;0.0;0.0;0.0;0.0;0.0;0.0;87.0;0.0;0.0;0.0;2513.0;0.0;0.0;0.0;0.0;0.0;0.0;0.0;0.0;0.0;0.0;0.0;0.0;0.0;3734.0;0.0;0.0;0.0;b>a>c>d>e;10423.0;6741.0;3682.0;9602.0;974.0;5776.0;2852.0;1620.0;1002.0;20.0;683.4;2396.0;516.0;0.0;284.0;278.0;642.0;43.0;30.0;0.0;6.0;355.2;53.3
Alcochete;6583.0;0.0;975.0;0.0;0.0;0.0;0.0;0.0;0.0;3830.0;0.0;0.0;0.0;575.0;0.0;0.0;0.0;0.0;0.0;0.0;0.0;0.0;0.0;0.0;0.0;0.0;0.0;1203.0;0.0;0.0;0.0;b>a>c>d>e;13840.0;7166.0;6674.0;18293.0;3544.0;11876.0;2874.0;1090.0;2926.0;62.0;1379.2;4897.0;467.0;0.0;0.0;423.0;1590.0;361.0;29.0;0.0;26.0;1026.4;85.0
Almada;55294.0;3250.0;1502.0;0.0;0.0;0.0;0.0;0.0;1408.0;23466.0;1332.0;0.0;0.0;8440.0;0.0;0.0;0.0;0.0;0.0;0.0;0.0;0.0;0.0;0.0;0.0;0.0;0.0;15586.0;0.0;0.0;310.0;a>b>c>d>e;149500.0;60593.0;88907.0;171481.0;26222.0;109080.0;36180.0;11069.0;28068.0;481.0;875.2;32382.0;345.0;0.0;0.0;2653.0;6205.0;5130.0;474.0;0.0;232.0;10317.3;1043.3
Amadora;54199.0;3231.0;0.0;0.0;0.0;0.0;0.0;0.0;0.0;11459.0;910.0;0.0;0.0;0.0;10797.0;0.0;0.0;0.0;0.0;0.0;0.0;0.0;0.0;0.0;0.0;0.0;0.0;27203.0;0.0;0.0;599.0;a>b>c>d>e;146552.0;59852.0;86700.0;175493.0;26270.0;112717.0;36506.0;11752.0;28390.0;430.0;1091.6;49616.0;223.0;0.0;0.0;4325.0;10627.0;9933.0;370.0;0.0;349.0;12225.3;1278.7
Barreiro;29507.0;1961.0;413.0;0.0;0.0;0.0;0.0;0.0;0.0;14380.0;1028.0;0.0;0.0;2848.0;0.0;0.0;0.0;0.0;0.0;0.0;0.0;0.0;0.0;0.0;0.0;0.0;0.0;8877.0;0.0;0.0;0.0;a>b>c>d>e;70590.0;32034.0;38556.0;77577.0;11285.0;48406.0;17886.0;5249.0;12494.0;131.0;857.1;12046.0;94.0;5.0;0.0;884.0;2597.0;1574.0;162.0;0.0;79.0;5344.1;577.8
Cascais;59598.0;2997.0;0.0;0.0;0.0;0.0;4985.0;0.0;0.0;7366.0;576.0;0.0;0.0;0.0;28004.0;0.0;0.0;0.0;0.0;0.0;0.0;0.0;0.0;0.0;0.0;629.0;0.0;14140.0;0.0;0.0;901.0;a>b>c>d>e;172537.0;65549.0;106988.0;208418.0;34709.0;135445.0;38264.0;9767.0;37171.0;955.0;985.6;60430.0;0.0;4.0;0.0;4300.0;12533.0;6263.0;597.0;0.0;839.0;11941.7;1190.2
Lisboa;212890.0;10533.0;0.0;0.0;0.0;0.0;0.0;0.0;5227.0;22519.0;2378.0;0.0;1182.0;0.0;0.0;51156.0;0.0;0.0;0.0;0.0;0.0;0.0;0.0;0.0;0.0;2814.0;0.0;116425.0;0.0;0.0;656.0;a>b>c>d>e;507495.0;228682.0;278813.0;520549.0;73048.0;305456.0;142046.0;32413.0;80869.0;3993.0;1289.4;530346.0;3368.0;0.0;0.0;18157.0;108070.0;130593.0;18567.0;436.0;1982.0;31934.3;3218.3
Loures;75916.0;2594.0;2522.0;0.0;0.0;0.0;0.0;0.0;0.0;28572.0;2387.0;0.0;542.0;0.0;0.0;0.0;0.0;0.0;0.0;0.0;13164.0;0.0;0.0;0.0;0.0;0.0;0.0;25699.0;0.0;0.0;436.0;a>b>c>d>e;166296.0;82253.0;84043.0;205580.0;32332.0;134339.0;38909.0;13596.0;31177.0;574.0;943.5;59793.0;495.0;0.0;0.0;4787.0;14242.0;7936.0;420.0;36.0;397.0;11562.8;1281.4
Mafra;26836.0;0.0;0.0;0.0;1194.0;0.0;0.0;0.0;0.0;3514.0;0.0;0.0;0.0;14049.0;0.0;0.0;0.0;0.0;0.0;0.0;0.0;0.0;0.0;0.0;0.0;0.0;0.0;8079.0;0.0;0.0;0.0;d>a>b>c>e;59910.0;29976.0;29934.0;79772.0;15200.0;52444.0;12128.0;4889.0;11779.0;295.0;740.2;25439.0;1020.0;0.0;0.0;1851.0;5351.0;4342.0;162.0;41.0;123.0;3686.4;321.8
Moita;22274.0;2022.0;470.0;0.0;0.0;0.0;0.0;0.0;568.0;10918.0;660.0;0.0;0.0;1483.0;0.0;0.0;0.0;0.0;0.0;0.0;0.0;0.0;0.0;0.0;0.0;0.0;0.0;5947.0;0.0;0.0;206.0;a>b>c>d>e;59425.0;23976.0;35449.0;65632.0;10568.0;43330.0;11734.0;5139.0;9906.0;90.0;796.9;8786.0;273.0;0.0;0.0;1248.0;1891.0;891.0;89.0;0.0;64.0;4939.8;564.6
Montijo;15185.0;1085.0;479.0;0.0;0.0;0.0;0.0;0.0;0.0;4300.0;427.0;0.0;0.0;4168.0;0.0;0.0;0.0;0.0;0.0;0.0;0.0;0.0;0.0;0.0;0.0;0.0;0.0;4726.0;0.0;0.0;0.0;a>b>c>d>e;41316.0;16528.0;24788.0;53586.0;9187.0;35557.0;8843.0;4124.0;8215.0;149.0;807.1;11865.0;1721.0;0.0;0.0;616.0;2770.0;1357.0;112.0;0.0;62.0;3672.8;409.3
Odivelas;47698.0;2632.0;0.0;0.0;2179.0;0.0;0.0;0.0;0.0;11196.0;750.0;0.0;0.0;9726.0;0.0;0.0;0.0;0.0;0.0;0.0;0.0;0.0;0.0;0.0;0.0;0.0;0.0;20821.0;0.0;0.0;394.0;a>d>b>c>e;122822.0;52684.0;70138.0;149902.0;23206.0;99726.0;26970.0;8274.0;23533.0;402.0;773.0;28752.0;178.0;0.0;0.0;3710.0;6160.0;4994.0;245.0;0.0;208.0;7981.9;720.1
Oeiras;62847.0;2554.0;2631.0;0.0;0.0;0.0;23071.0;0.0;1841.0;6309.0;402.0;0.0;0.0;13215.0;0.0;0.0;0.0;0.0;0.0;0.0;0.0;0.0;0.0;0.0;0.0;0.0;0.0;12638.0;0.0;0.0;186.0;b>a>c>d>e;147666.0;68972.0;78694.0;172689.0;27236.0;108860.0;36594.0;7196.0;30518.0;726.0;1404.7;130953.0;0.0;0.0;0.0;16844.0;30644.0;28447.0;5554.0;0.0;435.0;8459.5;762.5
Palmela;17953.0;1047.0;0.0;0.0;0.0;0.0;0.0;0.0;0.0;9255.0;0.0;0.0;0.0;0.0;2252.0;0.0;0.0;0.0;0.0;0.0;0.0;0.0;0.0;0.0;0.0;0.0;0.0;5010.0;0.0;0.0;389.0;a>b>c>d>e;51465.0;19818.0;31647.0;63723.0;10910.0;41370.0;11444.0;5271.0;9448.0;166.0;1054.9;22676.0;0.0;0.0;0.0;1844.0;3013.0;2052.0;93.0;21.0;100.0;3396.0;364.1
Seixal;47066.0;3439.0;1438.0;0.0;0.0;0.0;0.0;0.0;0.0;22658.0;717.0;0.0;0.0;5611.0;0.0;0.0;0.0;0.0;0.0;0.0;0.0;0.0;0.0;0.0;0.0;0.0;0.0;12409.0;0.0;0.0;794.0;a>b>c>d>e;134303.0;52185.0;82118.0;161976.0;26183.0;109339.0;26455.0;8558.0;26710.0;364.0;1001.1;27717.0;196.0;0.0;0.0;2615.0;7057.0;3118.0;313.0;0.0;190.0;10116.1;1045.5
Sesimbra;14144.0;860.0;0.0;0.0;0.0;0.0;1349.0;0.0;454.0;6536.0;0.0;0.0;0.0;0.0;1523.0;0.0;0.0;0.0;0.0;0.0;0.0;0.0;0.0;0.0;0.0;0.0;0.0;3422.0;0.0;0.0;0.0;a>b>c>d>e;41355.0;15620.0;25735.0;50276.0;8915.0;33219.0;8142.0;3167.0;7998.0;118.0;766.9;8808.0;738.0;0.0;0.0;1141.0;1695.0;1048.0;100.0;8.0;72.0;2818.0;262.7
Setœbal;36919.0;2267.0;0.0;0.0;0.0;0.0;0.0;0.0;1132.0;16801.0;986.0;0.0;0.0;0.0;5150.0;0.0;0.0;0.0;0.0;0.0;0.0;0.0;0.0;0.0;0.0;0.0;0.0;10583.0;0.0;0.0;0.0;a>b>c>d>e;103448.0;40066.0;63382.0;119244.0;19604.0;76821.0;22820.0;8977.0;19196.0;310.0;972.7;27916.0;934.0;0.0;0.0;2202.0;5280.0;3720.0;411.0;10.0;177.0;8027.9;864.8
Sintra;111725.0;5552.0;0.0;0.0;0.0;0.0;33991.0;0.0;2371.0;15362.0;2500.0;1272.0;748.0;0.0;0.0;16945.0;0.0;0.0;0.0;0.0;0.0;0.0;0.0;0.0;0.0;0.0;0.0;32984.0;0.0;0.0;0.0;a>b>c>d>e;304082.0;122918.0;181164.0;379860.0;65905.0;257854.0;56102.0;18351.0;66819.0;1067.0;1010.1;94887.0;837.0;0.0;0.0;10672.0;25884.0;12816.0;701.0;11.0;544.0;22388.3;2204.9
Vila Franca de Xira;44384.0;2801.0;1530.0;0.0;0.0;0.0;0.0;0.0;0.0;14957.0;0.0;0.0;0.0;0.0;0.0;0.0;0.0;0.0;0.0;0.0;6640.0;0.0;0.0;0.0;0.0;0.0;0.0;18456.0;0.0;0.0;0.0;a>b>c>d>e;110266.0;48769.0;61497.0;138910.0;23425.0;95240.0;20246.0;7469.0;24215.0;349.0;962.9;34889.0;390.0;0.0;0.0;2124.0;5911.0;5385.0;293.0;23.0;151.0;7575.0;838.8
Alc‡cer do Sal;6423.0;200.0;157.0;0.0;0.0;0.0;0.0;0.0;0.0;3624.0;0.0;0.0;0.0;222.0;0.0;0.0;0.0;0.0;0.0;0.0;0.0;0.0;0.0;0.0;0.0;0.0;0.0;2220.0;0.0;0.0;0.0;a>b>c>d>e;11340.0;6767.0;4573.0;12640.0;1592.0;7706.0;3342.0;2142.0;1387.0;40.0;762.4;2947.0;1025.0;0.0;266.0;287.0;513.0;123.0;26.0;0.0;9.0;582.8;90.5
Gr‰ndola;7854.0;88.0;0.0;0.0;0.0;0.0;3042.0;0.0;0.0;2806.0;0.0;0.0;0.0;0.0;0.0;0.0;0.0;0.0;0.0;0.0;0.0;0.0;0.0;0.0;0.0;0.0;0.0;1918.0;0.0;0.0;0.0;a>b>c>d>e;12467.0;8120.0;4347.0;14970.0;1916.0;9332.0;3722.0;2404.0;1862.0;29.0;709.5;3391.0;602.0;0.0;0.0;304.0;661.0;223.0;27.0;14.0;11.0;644.3;93.4
Odemira;12409.0;416.0;0.0;0.0;0.0;0.0;0.0;0.0;0.0;3893.0;0.0;0.0;0.0;0.0;1333.0;0.0;0.0;0.0;0.0;0.0;0.0;0.0;0.0;0.0;0.0;0.0;0.0;6767.0;0.0;0.0;0.0;a>b>c>d>e;21321.0;13249.0;8072.0;25770.0;3117.0;15812.0;6841.0;5247.0;3114.0;40.0;688.5;7710.0;2971.0;0.0;279.0;751.0;1306.0;505.0;41.0;42.0;17.0;1488.8;160.0
Santiago do Cac_m;12026.0;475.0;276.0;0.0;0.0;0.0;0.0;0.0;0.0;5930.0;0.0;0.0;0.0;1879.0;0.0;0.0;0.0;0.0;0.0;0.0;0.0;0.0;0.0;0.0;0.0;0.0;0.0;3466.0;0.0;0.0;0.0;a>b>c>d>e;25361.0;13023.0;12338.0;29814.0;3723.0;18926.0;7165.0;3881.0;4602.0;51.0;764.9;6378.0;1015.0;0.0;602.0;798.0;1478.0;490.0;67.0;76.0;34.0;1658.8;206.1
Sines;6570.0;0.0;94.0;0.0;0.0;0.0;1572.0;0.0;0.0;1084.0;0.0;0.0;0.0;278.0;0.0;0.0;0.0;0.0;0.0;0.0;0.0;0.0;0.0;0.0;0.0;0.0;0.0;3542.0;0.0;0.0;0.0;b>a>c>d>e;12033.0;6816.0;5217.0;14030.0;1996.0;9544.0;2491.0;1278.0;2198.0;44.0;1289.1;5846.0;257.0;0.0;1310.0;360.0;988.0;1113.0;53.0;0.0;25.0;1274.9;189.4
Aljustrel;6156.0;0.0;0.0;0.0;0.0;0.0;0.0;0.0;0.0;2431.0;0.0;0.0;0.0;0.0;78.0;0.0;0.0;0.0;0.0;0.0;0.0;0.0;0.0;0.0;0.0;0.0;0.0;3647.0;0.0;0.0;0.0;a>b>c>d>e;8640.0;6306.0;2334.0;8973.0;1037.0;5713.0;2224.0;1329.0;1018.0;6.0;798.6;2133.0;368.0;0.0;202.0;145.0;432.0;76.0;16.0;29.0;2.0;438.6;74.8
Almod™var;4823.0;51.0;0.0;0.0;0.0;0.0;1544.0;0.0;0.0;110.0;0.0;0.0;0.0;1357.0;0.0;0.0;0.0;0.0;0.0;0.0;0.0;0.0;0.0;0.0;0.0;0.0;0.0;1761.0;0.0;0.0;0.0;a>b>c>d>e;6896.0;5014.0;1882.0;7255.0;877.0;4297.0;2081.0;1602.0;767.0;8.0;657.2;1306.0;295.0;0.0;105.0;203.0;290.0;66.0;17.0;0.0;3.0;473.4;82.4
Alvito;1352.0;0.0;0.0;0.0;0.0;0.0;0.0;0.0;0.0;640.0;0.0;0.0;0.0;0.0;271.0;0.0;0.0;0.0;0.0;0.0;0.0;0.0;0.0;0.0;0.0;0.0;0.0;441.0;0.0;0.0;0.0;a>b>c>d>e;2012.0;1416.0;596.0;2545.0;289.0;1665.0;591.0;399.0;316.0;0.0;794.8;380.0;75.0;0.0;21.0;0.0;66.0;17.0;0.0;0.0;3.0;135.7;24.3
Barrancos;1054.0;0.0;0.0;0.0;0.0;0.0;0.0;0.0;0.0;611.0;0.0;0.0;0.0;0.0;0.0;0.0;0.0;0.0;0.0;0.0;0.0;0.0;0.0;0.0;0.0;0.0;0.0;443.0;0.0;0.0;0.0;a>b>c>d>e;1437.0;1123.0;314.0;1775.0;238.0;1132.0;406.0;241.0;281.0;4.0;612.4;404.0;160.0;0.0;74.0;23.0;56.0;19.0;0.0;0.0;1.0;171.2;30.3
Beja;16387.0;0.0;0.0;0.0;0.0;0.0;750.0;0.0;0.0;7438.0;0.0;0.0;0.0;0.0;1064.0;0.0;0.0;0.0;0.0;0.0;0.0;0.0;0.0;0.0;0.0;0.0;0.0;7135.0;0.0;0.0;0.0;a>b>c>d>e;30268.0;17132.0;13136.0;35172.0;5378.0;22422.0;7372.0;3598.0;5036.0;80.0;821.2;7945.0;1749.0;0.0;744.0;338.0;1799.0;406.0;118.0;25.0;51.0;2301.6;356.3
Castro Verde;3761.0;0.0;0.0;0.0;0.0;0.0;0.0;0.0;0.0;2151.0;0.0;0.0;0.0;0.0;209.0;0.0;0.0;0.0;0.0;0.0;0.0;0.0;0.0;0.0;0.0;0.0;0.0;1401.0;0.0;0.0;0.0;a>b>c>d>e;6547.0;3933.0;2614.0;7290.0;954.0;4669.0;1668.0;926.0;869.0;10.0;980.4;2139.0;222.0;0.0;0.0;118.0;301.0;52.0;19.0;0.0;6.0;398.9;64.9
Cuba;2975.0;0.0;0.0;0.0;0.0;0.0;0.0;0.0;0.0;1747.0;0.0;0.0;0.0;0.0;84.0;0.0;0.0;0.0;0.0;0.0;0.0;0.0;0.0;0.0;0.0;0.0;0.0;1144.0;0.0;0.0;0.0;a>b>c>d>e;3982.0;3081.0;901.0;4877.0;696.0;3019.0;1163.0;647.0;633.0;6.0;716.3;721.0;179.0;0.0;93.0;0.0;146.0;50.0;0.0;0.0;2.0;274.8;47.3
Ferreira do Alentejo;4203.0;0.0;0.0;0.0;0.0;0.0;0.0;0.0;0.0;1429.0;0.0;0.0;0.0;0.0;424.0;0.0;0.0;0.0;0.0;0.0;0.0;0.0;0.0;0.0;0.0;0.0;0.0;2350.0;0.0;0.0;0.0;a>b>c>d>e;7188.0;4405.0;2783.0;8209.0;999.0;5180.0;2030.0;1407.0;845.0;18.0;708.6;2131.0;1065.0;0.0;142.0;104.0;399.0;87.0;15.0;0.0;7.0;596.5;90.4
M_rtola;4773.0;0.0;0.0;0.0;0.0;0.0;171.0;0.0;0.0;2159.0;0.0;0.0;0.0;0.0;53.0;0.0;0.0;0.0;0.0;0.0;0.0;0.0;0.0;0.0;0.0;0.0;0.0;2390.0;0.0;0.0;0.0;a>b>c>d>e;6820.0;4998.0;1822.0;6909.0;643.0;3902.0;2364.0;1524.0;692.0;8.0;672.8;1227.0;324.0;0.0;110.0;171.0;277.0;65.0;0.0;0.0;3.0;374.5;65.7
Moura;6917.0;0.0;0.0;0.0;0.0;0.0;0.0;0.0;0.0;3089.0;0.0;0.0;0.0;0.0;761.0;0.0;0.0;0.0;0.0;0.0;0.0;0.0;0.0;0.0;0.0;0.0;0.0;3067.0;0.0;0.0;0.0;a>b>c>d>e;13330.0;7201.0;6129.0;14717.0;2339.0;9122.0;3257.0;2449.0;1580.0;13.0;735.0;3076.0;1003.0;0.0;388.0;123.0;621.0;170.0;27.0;33.0;11.0;1528.6;225.8
Ourique;3407.0;0.0;0.0;0.0;0.0;0.0;0.0;0.0;0.0;461.0;0.0;0.0;0.0;0.0;732.0;0.0;0.0;0.0;0.0;0.0;0.0;0.0;0.0;0.0;0.0;0.0;0.0;2214.0;0.0;0.0;0.0;a>b>c>d>e;4795.0;3571.0;1224.0;5183.0;513.0;3069.0;1602.0;1106.0;619.0;9.0;623.2;1136.0;257.0;0.0;161.0;0.0;354.0;57.0;0.0;0.0;5.0;321.0;41.7
Serpa;7405.0;237.0;0.0;0.0;0.0;0.0;0.0;0.0;0.0;4040.0;0.0;0.0;0.0;389.0;0.0;0.0;0.0;0.0;0.0;0.0;0.0;0.0;0.0;0.0;0.0;0.0;0.0;2739.0;0.0;0.0;0.0;a>b>c>d>e;13940.0;7774.0;6166.0;15421.0;1833.0;9712.0;3876.0;2791.0;1648.0;22.0;666.5;2864.0;934.0;0.0;309.0;244.0;695.0;101.0;20.0;20.0;5.0;1182.2;156.6
Vidigueira;3107.0;0.0;0.0;0.0;0.0;0.0;0.0;0.0;0.0;1656.0;0.0;0.0;0.0;0.0;248.0;0.0;0.0;0.0;0.0;0.0;0.0;0.0;0.0;0.0;0.0;0.0;0.0;1203.0;0.0;0.0;0.0;a>b>c>d>e;5083.0;3267.0;1816.0;5821.0;858.0;3589.0;1374.0;877.0;714.0;13.0;726.9;1277.0;523.0;0.0;179.0;0.0;246.0;43.0;8.0;0.0;2.0;391.8;59.1
Almeirim;9584.0;0.0;0.0;0.0;0.0;0.0;1313.0;0.0;0.0;1162.0;0.0;0.0;0.0;0.0;0.0;1162.0;0.0;0.0;0.0;0.0;0.0;0.0;0.0;0.0;0.0;0.0;0.0;5947.0;0.0;0.0;0.0;a>b>c>d>e;20068.0;10096.0;9972.0;23469.0;3572.0;14614.0;5283.0;2907.0;2809.0;53.0;715.9;5672.0;1825.0;0.0;410.0;592.0;1398.0;266.0;54.0;24.0;21.0;1470.6;155.8
Alpiarça;3742.0;0.0;0.0;0.0;0.0;0.0;0.0;0.0;0.0;2139.0;0.0;0.0;0.0;0.0;0.0;0.0;0.0;0.0;0.0;755.0;0.0;0.0;0.0;0.0;0.0;0.0;0.0;848.0;0.0;0.0;0.0;a>b>c>d>e;6520.0;3990.0;2530.0;7561.0;1103.0;4551.0;1908.0;1004.0;850.0;10.0;750.2;1860.0;654.0;0.0;408.0;114.0;329.0;71.0;0.0;0.0;5.0;456.1;52.9
Azambuja;8660.0;0.0;0.0;0.0;0.0;0.0;0.0;0.0;0.0;2417.0;0.0;0.0;0.0;0.0;0.0;0.0;2262.0;0.0;0.0;0.0;0.0;0.0;0.0;0.0;0.0;0.0;0.0;3981.0;0.0;0.0;0.0;a>b>c>d>e;17611.0;9494.0;8117.0;22392.0;3159.0;14664.0;4569.0;2301.0;2914.0;43.0;925.4;5796.0;521.0;0.0;1740.0;332.0;1007.0;238.0;28.0;28.0;46.0;1175.0;143.7
Benavente;8543.0;0.0;310.0;0.0;0.0;0.0;0.0;0.0;0.0;4818.0;0.0;0.0;0.0;1620.0;0.0;0.0;0.0;0.0;0.0;0.0;0.0;0.0;0.0;0.0;0.0;0.0;0.0;1795.0;0.0;0.0;0.0;b>a>c>d>e;22965.0;9399.0;13566.0;29796.0;5277.0;19704.0;4815.0;2341.0;4237.0;86.0;833.3;8946.0;707.0;0.0;2613.0;538.0;1724.0;1275.0;73.0;16.0;48.0;2102.1;257.8
Cartaxo;10629.0;313.0;118.0;0.0;0.0;0.0;2821.0;0.0;0.0;1032.0;0.0;0.0;0.0;2212.0;0.0;0.0;0.0;0.0;0.0;0.0;0.0;0.0;0.0;0.0;0.0;0.0;0.0;4133.0;0.0;0.0;0.0;a>b>c>d>e;20884.0;11347.0;9537.0;24492.0;3502.0;15782.0;5208.0;2083.0;3433.0;36.0;783.4;5106.0;521.0;0.0;1083.0;323.0;1238.0;489.0;55.0;18.0;24.0;1355.9;131.3
Chamusca;5076.0;184.0;0.0;0.0;0.0;0.0;0.0;0.0;0.0;1721.0;0.0;0.0;0.0;0.0;1376.0;0.0;0.0;0.0;0.0;0.0;0.0;0.0;0.0;0.0;0.0;0.0;0.0;1795.0;0.0;0.0;0.0;a>b>c>d>e;8760.0;5375.0;3385.0;9924.0;1156.0;6020.0;2749.0;1565.0;927.0;18.0;738.7;2162.0;626.0;18.0;309.0;242.0;350.0;98.0;14.0;21.0;2.0;516.3;63.4
Coruche;9539.0;149.0;287.0;0.0;0.0;0.0;0.0;0.0;0.0;2572.0;0.0;0.0;0.0;1171.0;0.0;0.0;0.0;0.0;0.0;0.0;0.0;0.0;0.0;0.0;0.0;0.0;0.0;5360.0;0.0;0.0;0.0;b>a>c>d>e;17649.0;9968.0;7681.0;19357.0;2285.0;11414.0;5659.0;3667.0;2058.0;31.0;804.7;4275.0;1156.0;0.0;477.0;381.0;875.0;204.0;34.0;0.0;20.0;1162.8;131.8
Goleg‹;3234.0;0.0;0.0;0.0;0.0;0.0;1168.0;0.0;0.0;252.0;0.0;0.0;0.0;0.0;510.0;0.0;0.0;0.0;0.0;0.0;0.0;0.0;0.0;0.0;0.0;0.0;0.0;1304.0;0.0;0.0;0.0;a>b>c>d>e;5158.0;3389.0;1769.0;5578.0;707.0;3474.0;1397.0;615.0;684.0;9.0;736.3;1334.0;325.0;0.0;0.0;99.0;272.0;56.0;0.0;0.0;2.0;249.2;36.7
Rio Maior;9878.0;249.0;0.0;0.0;0.0;0.0;741.0;0.0;0.0;1616.0;0.0;0.0;0.0;0.0;5190.0;0.0;0.0;0.0;0.0;0.0;0.0;0.0;0.0;0.0;0.0;0.0;0.0;2082.0;0.0;0.0;0.0;a>b>c>d>e;18230.0;10609.0;7621.0;21087.0;3040.0;13563.0;4484.0;2253.0;2736.0;26.0;755.2;6468.0;652.0;108.0;2315.0;469.0;1142.0;233.0;48.0;10.0;26.0;1069.2;130.0
Salvaterra de Magos;8006.0;2329.0;0.0;0.0;0.0;0.0;928.0;0.0;0.0;978.0;0.0;0.0;0.0;0.0;943.0;0.0;0.0;0.0;0.0;0.0;0.0;0.0;0.0;0.0;0.0;0.0;0.0;2828.0;0.0;0.0;0.0;a>b>c>d>e;18894.0;8634.0;10260.0;22193.0;3151.0;14080.0;4963.0;3248.0;2705.0;38.0;750.9;4054.0;677.0;0.0;508.0;408.0;1222.0;215.0;26.0;38.0;18.0;1680.5;206.3
Santar_m;25630.0;797.0;717.0;0.0;0.0;0.0;1086.0;0.0;0.0;2872.0;0.0;0.0;0.0;11196.0;0.0;0.0;0.0;0.0;0.0;0.0;0.0;0.0;0.0;0.0;0.0;0.0;0.0;8962.0;0.0;0.0;0.0;a>b>c>d>e;53418.0;27774.0;25644.0;60740.0;8654.0;38048.0;14039.0;5821.0;8656.0;162.0;803.9;15886.0;1298.0;250.0;3230.0;874.0;3447.0;1636.0;194.0;30.0;64.0;3364.1;390.7
Alter do Ch‹o;2023.0;0.0;108.0;0.0;0.0;0.0;0.0;0.0;0.0;291.0;0.0;0.0;0.0;861.0;0.0;0.0;0.0;0.0;0.0;0.0;0.0;0.0;0.0;0.0;0.0;0.0;0.0;763.0;0.0;0.0;0.0;b>a>c>d>e;3081.0;2132.0;949.0;3482.0;388.0;2027.0;1067.0;640.0;398.0;5.0;678.8;715.0;167.0;0.0;53.0;41.0;105.0;27.0;0.0;0.0;1.0;214.8;45.2
Arronches;2166.0;0.0;0.0;0.0;0.0;0.0;0.0;0.0;0.0;74.0;0.0;0.0;0.0;1154.0;0.0;0.0;0.0;0.0;0.0;0.0;0.0;0.0;0.0;0.0;0.0;0.0;0.0;938.0;0.0;0.0;0.0;a>b>c>d>e;2751.0;2239.0;512.0;3112.0;268.0;1853.0;992.0;644.0;331.0;3.0;661.7;485.0;168.0;0.0;34.0;91.0;74.0;15.0;0.0;0.0;0.0;140.3;35.6
Avis;2635.0;0.0;0.0;0.0;0.0;0.0;0.0;0.0;0.0;1418.0;0.0;0.0;0.0;373.0;0.0;0.0;0.0;0.0;0.0;0.0;0.0;0.0;0.0;0.0;0.0;0.0;0.0;844.0;0.0;0.0;0.0;a>b>c>d>e;3823.0;2778.0;1045.0;4517.0;442.0;2769.0;1307.0;847.0;473.0;3.0;682.4;890.0;274.0;0.0;211.0;33.0;137.0;27.0;0.0;0.0;0.0;271.9;55.0
Campo Maior;5287.0;39.0;0.0;0.0;0.0;0.0;0.0;1430.0;0.0;320.0;0.0;0.0;0.0;89.0;0.0;0.0;0.0;0.0;0.0;0.0;0.0;0.0;0.0;0.0;0.0;0.0;0.0;3409.0;0.0;0.0;0.0;a>b>c>d>e;7540.0;5431.0;2109.0;8377.0;1313.0;5327.0;1738.0;1154.0;1125.0;12.0;1024.0;3401.0;300.0;0.0;633.0;67.0;1666.0;64.0;15.0;0.0;0.0;605.5;104.6
Castelo de Vide;2107.0;0.0;0.0;0.0;0.0;0.0;0.0;0.0;0.0;97.0;0.0;0.0;0.0;1305.0;0.0;0.0;0.0;0.0;0.0;0.0;0.0;0.0;0.0;0.0;0.0;0.0;0.0;705.0;0.0;0.0;0.0;a>b>c>d>e;2973.0;2204.0;769.0;3273.0;327.0;1974.0;972.0;578.0;394.0;6.0;676.9;491.0;96.0;0.0;37.0;37.0;125.0;21.0;0.0;0.0;3.0;160.3;28.3
Crato;2440.0;0.0;0.0;0.0;0.0;0.0;0.0;0.0;0.0;947.0;0.0;0.0;0.0;432.0;0.0;0.0;0.0;0.0;0.0;0.0;0.0;0.0;0.0;0.0;0.0;0.0;0.0;1061.0;0.0;0.0;0.0;a>b>c>d>e;3341.0;2525.0;816.0;3558.0;343.0;2058.0;1158.0;703.0;312.0;5.0;641.3;630.0;133.0;3.0;91.0;0.0;121.0;26.0;0.0;0.0;0.0;197.2;29.0
Elvas;9106.0;176.0;1124.0;0.0;0.0;0.0;0.0;0.0;0.0;461.0;0.0;0.0;0.0;0.0;0.0;0.0;0.0;0.0;0.0;0.0;0.0;686.0;0.0;0.0;0.0;0.0;0.0;6659.0;0.0;0.0;0.0;b>a>c>d>e;20009.0;9611.0;10398.0;22406.0;3268.0;14108.0;5030.0;2652.0;3175.0;60.0;699.6;4481.0;985.0;12.0;257.0;333.0;1146.0;206.0;61.0;15.0;14.0;1840.1;359.6
Fronteira;2072.0;0.0;13.0;0.0;0.0;0.0;0.0;0.0;0.0;144.0;0.0;0.0;0.0;1449.0;0.0;0.0;0.0;0.0;0.0;0.0;0.0;0.0;0.0;0.0;0.0;0.0;0.0;466.0;0.0;0.0;0.0;b>a>c>d>e;2899.0;2171.0;728.0;3259.0;407.0;1983.0;869.0;590.0;371.0;4.0;680.3;689.0;266.0;0.0;65.0;0.0;128.0;31.0;0.0;0.0;1.0;222.0;37.9
Gavi‹o;2502.0;0.0;0.0;0.0;0.0;0.0;0.0;0.0;0.0;310.0;0.0;0.0;0.0;858.0;0.0;0.0;0.0;0.0;0.0;0.0;0.0;0.0;0.0;0.0;0.0;0.0;0.0;1334.0;0.0;0.0;0.0;a>b>c>d>e;3772.0;2622.0;1150.0;3925.0;325.0;2118.0;1482.0;814.0;303.0;7.0;660.6;458.0;65.0;0.0;77.0;79.0;100.0;9.0;0.0;0.0;5.0;217.4;42.3
Marv‹o;2130.0;0.0;24.0;0.0;0.0;0.0;0.0;0.0;0.0;60.0;0.0;0.0;0.0;1375.0;0.0;0.0;0.0;0.0;0.0;0.0;0.0;0.0;0.0;0.0;0.0;0.0;0.0;671.0;0.0;0.0;0.0;b>a>c>d>e;3072.0;2233.0;839.0;3402.0;348.0;1977.0;1078.0;667.0;336.0;8.0;622.9;593.0;135.0;0.0;0.0;80.0;107.0;16.0;0.0;0.0;2.0;153.8;25.4
Monforte;1952.0;0.0;0.0;0.0;0.0;0.0;0.0;0.0;0.0;952.0;0.0;0.0;0.0;0.0;181.0;0.0;0.0;0.0;0.0;0.0;0.0;0.0;0.0;0.0;0.0;0.0;0.0;819.0;0.0;0.0;0.0;a>b>c>d>e;2818.0;2032.0;786.0;3249.0;468.0;1929.0;853.0;678.0;327.0;5.0;735.8;544.0;161.0;0.0;63.0;31.0;164.0;20.0;0.0;0.0;0.0;230.5;54.7
Nisa;4283.0;0.0;0.0;0.0;0.0;0.0;148.0;0.0;0.0;1434.0;0.0;0.0;0.0;0.0;1146.0;0.0;0.0;0.0;0.0;0.0;0.0;0.0;0.0;0.0;0.0;0.0;0.0;1555.0;0.0;0.0;0.0;a>b>c>d>e;6715.0;4541.0;2174.0;7091.0;682.0;3877.0;2532.0;1419.0;729.0;14.0;659.6;1218.0;210.0;0.0;178.0;135.0;320.0;49.0;12.0;0.0;7.0;377.6;51.1
Ponte de Sor;8524.0;332.0;330.0;0.0;0.0;0.0;0.0;0.0;0.0;1886.0;0.0;0.0;0.0;794.0;0.0;0.0;0.0;0.0;0.0;0.0;0.0;0.0;0.0;0.0;0.0;0.0;0.0;5182.0;0.0;0.0;0.0;a>b>c>d>e;14893.0;8903.0;5990.0;16275.0;2040.0;10100.0;4136.0;2696.0;1964.0;23.0;750.0;3546.0;660.0;0.0;751.0;408.0;800.0;111.0;34.0;13.0;7.0;1271.7;163.5
Portalegre;12381.0;111.0;0.0;0.0;0.0;0.0;5514.0;0.0;0.0;2275.0;0.0;0.0;0.0;0.0;1377.0;0.0;0.0;0.0;0.0;0.0;0.0;0.0;0.0;0.0;0.0;0.0;0.0;3104.0;0.0;0.0;0.0;a>b>c>d>e;21668.0;12991.0;8677.0;24073.0;3164.0;15089.0;5820.0;2767.0;3304.0;52.0;769.8;5556.0;442.0;0.0;1126.0;283.0;1407.0;292.0;66.0;0.0;26.0;1484.8;246.5
Sousel;2920.0;0.0;0.0;0.0;0.0;0.0;0.0;0.0;0.0;637.0;0.0;0.0;0.0;1425.0;0.0;0.0;0.0;0.0;0.0;0.0;0.0;0.0;0.0;0.0;0.0;0.0;0.0;858.0;0.0;0.0;0.0;a>b>c>d>e;4369.0;3079.0;1290.0;4904.0;571.0;2846.0;1487.0;895.0;515.0;18.0;626.9;1248.0;401.0;0.0;185.0;81.0;281.0;38.0;12.0;21.0;4.0;263.8;48.9
Alandroal;3911.0;57.0;0.0;0.0;0.0;0.0;838.0;0.0;0.0;2172.0;0.0;0.0;0.0;146.0;0.0;0.0;0.0;0.0;0.0;0.0;0.0;0.0;0.0;0.0;0.0;0.0;0.0;698.0;0.0;0.0;0.0;a>b>c>d>e;5174.0;3993.0;1181.0;5634.0;611.0;3340.0;1683.0;1050.0;518.0;8.0;693.5;927.0;356.0;16.0;106.0;94.0;126.0;49.0;0.0;0.0;8.0;338.6;53.4
Arraiolos;3821.0;0.0;49.0;0.0;0.0;0.0;0.0;0.0;0.0;2215.0;0.0;0.0;0.0;190.0;0.0;0.0;0.0;0.0;0.0;0.0;0.0;0.0;0.0;0.0;0.0;0.0;0.0;1367.0;0.0;0.0;0.0;b>a>c>d>e;6237.0;4047.0;2190.0;7322.0;882.0;4514.0;1926.0;1106.0;916.0;24.0;747.9;1683.0;339.0;0.0;379.0;123.0;308.0;56.0;13.0;0.0;6.0;392.3;63.1
Borba;4307.0;0.0;0.0;0.0;0.0;0.0;1642.0;0.0;0.0;791.0;0.0;0.0;0.0;831.0;0.0;0.0;0.0;0.0;0.0;0.0;0.0;0.0;0.0;0.0;0.0;0.0;0.0;1043.0;0.0;0.0;0.0;a>b>c>d>e;6349.0;4479.0;1870.0;7238.0;840.0;4488.0;1910.0;1243.0;929.0;9.0;744.7;1457.0;317.0;42.0;290.0;73.0;304.0;65.0;17.0;0.0;1.0;474.3;64.3
Estremoz;7079.0;0.0;100.0;0.0;0.0;0.0;3848.0;0.0;0.0;634.0;0.0;0.0;0.0;384.0;0.0;0.0;0.0;0.0;0.0;0.0;0.0;0.0;0.0;0.0;0.0;0.0;0.0;2113.0;0.0;0.0;0.0;b>a>c>d>e;12477.0;7494.0;4983.0;13842.0;1546.0;8344.0;3953.0;2244.0;1978.0;31.0;714.3;3476.0;676.0;0.0;494.0;218.0;876.0;193.0;34.0;19.0;16.0;868.7;163.6
ƒvora;22419.0;934.0;0.0;0.0;0.0;0.0;0.0;0.0;0.0;11776.0;0.0;0.0;0.0;0.0;3510.0;0.0;0.0;0.0;0.0;0.0;0.0;0.0;0.0;0.0;0.0;0.0;0.0;6199.0;0.0;0.0;0.0;a>b>c>d>e;48072.0;23885.0;24187.0;55339.0;7925.0;35990.0;11424.0;4684.0;9078.0;156.0;853.1;16424.0;1381.0;0.0;3484.0;1013.0;3144.0;1236.0;204.0;23.0;70.0;3838.9;544.3
Montemor-o-Novo;8611.0;0.0;401.0;0.0;0.0;0.0;0.0;0.0;0.0;4740.0;0.0;0.0;0.0;585.0;0.0;0.0;0.0;0.0;0.0;0.0;0.0;0.0;0.0;0.0;0.0;0.0;0.0;2885.0;0.0;0.0;0.0;b>a>c>d>e;15080.0;9028.0;6052.0;16962.0;1947.0;10202.0;4813.0;2901.0;2081.0;31.0;728.5;4038.0;944.0;0.0;472.0;359.0;846.0;293.0;43.0;15.0;30.0;795.8;119.7
Mora;2677.0;0.0;0.0;0.0;0.0;0.0;0.0;0.0;0.0;1917.0;0.0;0.0;0.0;0.0;241.0;0.0;0.0;0.0;0.0;0.0;0.0;0.0;0.0;0.0;0.0;0.0;0.0;519.0;0.0;0.0;0.0;a>b>c>d>e;4648.0;2833.0;1815.0;4737.0;491.0;2776.0;1471.0;960.0;453.0;7.0;677.8;967.0;219.0;0.0;186.0;50.0;220.0;39.0;0.0;13.0;3.0;254.2;38.4
Mour‹o;1736.0;0.0;0.0;0.0;0.0;0.0;0.0;0.0;0.0;156.0;0.0;0.0;0.0;0.0;743.0;0.0;0.0;0.0;0.0;0.0;0.0;0.0;0.0;0.0;0.0;0.0;0.0;837.0;0.0;0.0;0.0;a>b>c>d>e;2389.0;1799.0;590.0;2612.0;390.0;1640.0;582.0;434.0;280.0;2.0;657.8;418.0;159.0;0.0;62.0;22.0;38.0;27.0;0.0;0.0;2.0;231.2;45.0
Portel;3889.0;0.0;0.0;0.0;0.0;73.0;0.0;0.0;0.0;1224.0;0.0;0.0;0.0;0.0;0.0;0.0;0.0;0.0;0.0;0.0;0.0;0.0;0.0;0.0;0.0;0.0;0.0;2592.0;0.0;0.0;0.0;e>a>b>c>d;5624.0;4008.0;1616.0;6317.0;796.0;3813.0;1708.0;1080.0;668.0;12.0;726.3;1183.0;365.0;0.0;132.0;136.0;147.0;148.0;0.0;0.0;6.0;463.8;72.1
Redondo;3470.0;0.0;0.0;0.0;0.0;267.0;1930.0;0.0;0.0;503.0;0.0;0.0;0.0;0.0;0.0;0.0;0.0;0.0;0.0;0.0;0.0;0.0;0.0;0.0;0.0;0.0;0.0;770.0;0.0;0.0;0.0;e>a>b>c>d;6131.0;3608.0;2523.0;6882.0;908.0;4298.0;1677.0;1078.0;751.0;10.0;683.6;1444.0;473.0;0.0;181.0;145.0;285.0;81.0;19.0;0.0;2.0;483.8;66.3
Reguengos de Monsaraz;4524.0;0.0;0.0;0.0;0.0;0.0;0.0;0.0;0.0;787.0;0.0;0.0;0.0;0.0;447.0;0.0;0.0;0.0;0.0;0.0;0.0;0.0;0.0;0.0;0.0;0.0;0.0;3290.0;0.0;0.0;0.0;a>b>c>d>e;9213.0;4835.0;4378.0;10673.0;1477.0;6628.0;2569.0;1622.0;1345.0;29.0;726.9;2553.0;695.0;0.0;469.0;203.0;446.0;109.0;25.0;0.0;6.0;826.6;117.9
Vendas Novas;5175.0;0.0;0.0;0.0;0.0;0.0;0.0;0.0;0.0;2151.0;0.0;0.0;0.0;641.0;0.0;0.0;0.0;0.0;0.0;0.0;0.0;0.0;0.0;0.0;0.0;0.0;0.0;2383.0;0.0;0.0;0.0;a>b>c>d>e;10313.0;5506.0;4807.0;11816.0;1576.0;7152.0;3088.0;1489.0;1511.0;28.0;805.3;3203.0;368.0;0.0;1111.0;205.0;613.0;102.0;47.0;0.0;10.0;514.2;80.8
Viana do Alentejo;2983.0;0.0;0.0;0.0;0.0;0.0;0.0;0.0;0.0;962.0;0.0;0.0;0.0;145.0;0.0;0.0;0.0;0.0;0.0;0.0;0.0;0.0;0.0;0.0;0.0;0.0;0.0;1876.0;0.0;0.0;0.0;a>b>c>d>e;4888.0;3105.0;1783.0;5569.0;758.0;3501.0;1310.0;933.0;689.0;8.0;691.8;1010.0;264.0;0.0;0.0;87.0;235.0;108.0;13.0;0.0;5.0;305.9;40.0
Vila Viçosa;4722.0;0.0;0.0;0.0;0.0;0.0;959.0;0.0;0.0;2125.0;0.0;0.0;0.0;0.0;443.0;0.0;0.0;0.0;0.0;0.0;0.0;0.0;0.0;0.0;0.0;0.0;0.0;1195.0;0.0;0.0;0.0;a>b>c>d>e;7278.0;4892.0;2386.0;8213.0;1021.0;5347.0;1846.0;1082.0;1156.0;21.0;827.1;2078.0;108.0;283.0;613.0;85.0;418.0;59.0;17.0;9.0;7.0;442.0;81.7
Albufeira;12329.0;0.0;0.0;0.0;347.0;0.0;1534.0;0.0;0.0;1317.0;0.0;0.0;0.0;4847.0;0.0;0.0;0.0;0.0;0.0;0.0;0.0;0.0;0.0;0.0;0.0;0.0;0.0;4284.0;0.0;0.0;0.0;d>a>b>c>e;32890.0;13488.0;19402.0;40119.0;6752.0;27421.0;5946.0;3083.0;7354.0;197.0;760.0;15796.0;313.0;0.0;430.0;1178.0;2652.0;1565.0;141.0;39.0;185.0;3353.4;327.5
Alcoutim;2051.0;0.0;0.0;0.0;0.0;0.0;0.0;0.0;0.0;54.0;0.0;0.0;0.0;906.0;0.0;0.0;0.0;0.0;0.0;0.0;0.0;0.0;0.0;0.0;0.0;0.0;0.0;1091.0;0.0;0.0;0.0;a>b>c>d>e;2833.0;2145.0;688.0;2677.0;197.0;1297.0;1184.0;760.0;237.0;7.0;655.7;449.0;109.0;0.0;59.0;48.0;77.0;31.0;0.0;0.0;3.0;83.5;10.5
Aljezur;2446.0;0.0;0.0;0.0;0.0;0.0;0.0;0.0;0.0;373.0;0.0;0.0;0.0;422.0;0.0;0.0;0.0;0.0;0.0;0.0;0.0;0.0;0.0;0.0;0.0;0.0;0.0;1651.0;0.0;0.0;0.0;a>b>c>d>e;4357.0;2628.0;1729.0;5699.0;748.0;3212.0;1739.0;980.0;969.0;19.0;679.5;1230.0;171.0;0.0;58.0;179.0;270.0;59.0;8.0;0.0;20.0;301.0;32.5
Castro Marim;3775.0;80.0;24.0;0.0;0.0;0.0;0.0;0.0;0.0;116.0;0.0;0.0;0.0;1863.0;0.0;0.0;0.0;0.0;0.0;0.0;0.0;0.0;0.0;0.0;0.0;0.0;0.0;1692.0;0.0;0.0;0.0;a>b>c>d>e;5935.0;3928.0;2007.0;6566.0;796.0;3975.0;1795.0;971.0;807.0;16.0;685.3;1202.0;87.0;0.0;69.0;132.0;256.0;95.0;0.0;0.0;15.0;445.7;59.4
Faro;22261.0;1180.0;0.0;0.0;0.0;0.0;1404.0;0.0;0.0;3122.0;0.0;0.0;0.0;0.0;0.0;0.0;8306.0;0.0;0.0;0.0;0.0;0.0;0.0;0.0;0.0;0.0;338.0;7911.0;0.0;0.0;0.0;a>b>c>d>e;56065.0;24475.0;31590.0;62015.0;9461.0;40687.0;11868.0;4508.0;10922.0;211.0;855.4;18966.0;1173.0;0.0;671.0;1755.0;4487.0;1981.0;285.0;17.0;185.0;4169.7;429.9
Lagoa;8597.0;468.0;0.0;0.0;0.0;0.0;0.0;0.0;0.0;700.0;0.0;0.0;0.0;3608.0;0.0;0.0;0.0;0.0;0.0;0.0;0.0;0.0;0.0;0.0;0.0;0.0;0.0;3821.0;0.0;0.0;0.0;a>b>c>d>e;18503.0;9168.0;9335.0;22767.0;3581.0;14890.0;4297.0;1864.0;3547.0;82.0;812.9;7285.0;191.0;0.0;311.0;972.0;1278.0;458.0;61.0;12.0;87.0;1651.3;163.9
Lagos;10464.0;435.0;0.0;730.0;0.0;0.0;1542.0;0.0;0.0;1584.0;0.0;0.0;0.0;1982.0;0.0;0.0;0.0;0.0;0.0;0.0;0.0;0.0;0.0;0.0;0.0;191.0;0.0;4000.0;0.0;0.0;0.0;c>a>b>d>e;23762.0;11453.0;12309.0;30748.0;4987.0;19756.0;6006.0;2769.0;5378.0;97.0;736.6;8592.0;249.0;0.0;265.0;1011.0;1621.0;739.0;88.0;15.0;104.0;2197.1;248.7
Loul_;24871.0;0.0;564.0;0.0;0.0;0.0;723.0;0.0;0.0;1204.0;0.0;0.0;0.0;9389.0;0.0;0.0;0.0;0.0;0.0;0.0;0.0;0.0;0.0;0.0;0.0;0.0;0.0;12991.0;0.0;0.0;0.0;b>a>c>d>e;57663.0;26875.0;30788.0;69508.0;10804.0;45098.0;13606.0;6866.0;11076.0;310.0;805.9;26545.0;837.0;0.0;938.0;2617.0;5323.0;4041.0;275.0;21.0;151.0;4629.8;442.5
Monchique;3482.0;0.0;0.0;0.0;0.0;0.0;385.0;0.0;0.0;181.0;0.0;0.0;0.0;1737.0;0.0;0.0;0.0;0.0;0.0;0.0;0.0;0.0;0.0;0.0;0.0;0.0;0.0;1179.0;0.0;0.0;0.0;a>b>c>d>e;5165.0;3663.0;1502.0;5694.0;507.0;3274.0;1913.0;1088.0;778.0;9.0;660.9;1242.0;201.0;0.0;115.0;74.0;318.0;73.0;0.0;9.0;6.0;367.5;32.5
Olh‹o;14359.0;1471.0;492.0;0.0;0.0;0.0;946.0;0.0;0.0;1869.0;364.0;0.0;0.0;4115.0;0.0;0.0;0.0;0.0;0.0;0.0;0.0;0.0;0.0;0.0;0.0;0.0;0.0;5102.0;0.0;0.0;0.0;a>b>c>d>e;37663.0;15652.0;22011.0;45209.0;7488.0;29454.0;8267.0;3878.0;6417.0;88.0;760.0;9104.0;1356.0;0.0;911.0;885.0;2127.0;797.0;76.0;65.0;46.0;3117.5;323.5
Portim‹o;17744.0;2419.0;0.0;0.0;3735.0;0.0;0.0;0.0;0.0;2385.0;0.0;0.0;0.0;3284.0;0.0;0.0;0.0;0.0;0.0;0.0;0.0;0.0;0.0;0.0;0.0;0.0;0.0;5921.0;0.0;0.0;0.0;d>a>b>c>e;46478.0;19702.0;26776.0;55181.0;9314.0;35822.0;10045.0;4668.0;8648.0;203.0;795.4;14927.0;338.0;0.0;591.0;1243.0;2778.0;1270.0;181.0;12.0;99.0;4915.4;456.4
S‹o Br‡s de Alportel;4856.0;0.0;94.0;0.0;0.0;0.0;0.0;0.0;0.0;389.0;0.0;0.0;0.0;2052.0;0.0;0.0;0.0;0.0;0.0;0.0;0.0;0.0;0.0;0.0;0.0;0.0;0.0;2321.0;0.0;0.0;0.0;b>a>c>d>e;8996.0;5080.0;3916.0;10545.0;1549.0;6706.0;2290.0;906.0;1687.0;29.0;771.9;2355.0;68.0;0.0;320.0;362.0;633.0;156.0;29.0;0.0;16.0;523.5;54.5
Silves;14689.0;806.0;0.0;0.0;0.0;0.0;0.0;0.0;0.0;5495.0;0.0;0.0;0.0;4329.0;0.0;0.0;0.0;0.0;0.0;0.0;0.0;0.0;0.0;0.0;0.0;0.0;0.0;4059.0;0.0;0.0;0.0;a>b>c>d>e;30547.0;15844.0;14703.0;36680.0;5247.0;23008.0;8426.0;4207.0;5327.0;66.0;754.9;7550.0;922.0;0.0;411.0;840.0;1964.0;520.0;67.0;55.0;47.0;2077.3;164.3
Tavira;11658.0;515.0;0.0;0.0;0.0;0.0;0.0;0.0;0.0;866.0;0.0;0.0;0.0;0.0;0.0;0.0;4517.0;0.0;0.0;0.0;0.0;0.0;0.0;0.0;0.0;0.0;0.0;5760.0;0.0;0.0;0.0;a>b>c>d>e;22778.0;12522.0;10256.0;25689.0;3480.0;15750.0;6459.0;3195.0;3815.0;96.0;717.2;5701.0;731.0;0.0;237.0;534.0;1223.0;379.0;54.0;50.0;43.0;1556.7;139.1
Vila do Bispo;2668.0;0.0;0.0;0.0;0.0;0.0;0.0;0.0;0.0;117.0;0.0;0.0;0.0;934.0;0.0;0.0;0.0;0.0;0.0;0.0;0.0;0.0;0.0;0.0;0.0;0.0;0.0;1617.0;0.0;0.0;0.0;a>b>c>d>e;4192.0;2781.0;1411.0;5220.0;624.0;3250.0;1346.0;632.0;761.0;20.0;764.9;1928.0;184.0;0.0;49.0;277.0;309.0;121.0;8.0;0.0;5.0;246.3;26.2
Vila Real de Santo Ant—nio;8352.0;333.0;98.0;0.0;0.0;0.0;0.0;0.0;0.0;1147.0;0.0;0.0;0.0;4740.0;0.0;0.0;0.0;0.0;0.0;0.0;0.0;0.0;0.0;0.0;0.0;0.0;0.0;2034.0;0.0;0.0;0.0;a>b>c>d>e;16869.0;8841.0;8028.0;19062.0;2974.0;12337.0;3752.0;1591.0;2712.0;51.0;733.4;4777.0;387.0;0.0;258.0;353.0;1019.0;278.0;59.0;11.0;31.0;1645.5;197.7
Vila do Porto;3027.0;0.0;0.0;0.0;0.0;0.0;0.0;0.0;0.0;69.0;0.0;0.0;0.0;1971.0;0.0;0.0;0.0;0.0;0.0;0.0;0.0;0.0;0.0;0.0;0.0;0.0;0.0;987.0;0.0;0.0;0.0;a>b>c>d>e;5284.0;3100.0;2184.0;5648.0;939.0;3994.0;715.0;476.0;675.0;15.0;0.0;1174.0;269.0;0.0;49.0;161.0;272.0;120.0;12.0;0.0;0.0;0.0;0.0
Lagoa [R.A.A.];5951.0;0.0;327.0;0.0;0.0;0.0;0.0;0.0;0.0;113.0;0.0;0.0;0.0;1280.0;0.0;0.0;0.0;0.0;0.0;0.0;0.0;0.0;0.0;0.0;0.0;0.0;0.0;4231.0;0.0;0.0;0.0;b>a>c>d>e;12515.0;6238.0;6277.0;14636.0;2928.0;10157.0;1552.0;1208.0;1128.0;23.0;0.0;2535.0;267.0;0.0;319.0;362.0;555.0;453.0;24.0;0.0;6.0;0.0;0.0
Nordeste;3415.0;0.0;0.0;0.0;0.0;0.0;0.0;0.0;0.0;0.0;0.0;0.0;0.0;1657.0;0.0;0.0;0.0;0.0;0.0;0.0;0.0;0.0;0.0;0.0;0.0;0.0;0.0;1758.0;0.0;0.0;0.0;a>b>c>d>e;4829.0;3508.0;1321.0;5004.0;810.0;3341.0;853.0;424.0;419.0;3.0;0.0;698.0;250.0;0.0;42.0;92.0;111.0;44.0;15.0;0.0;1.0;0.0;0.0
Ponta Delgada;28363.0;629.0;249.0;0.0;0.0;0.0;0.0;0.0;0.0;612.0;0.0;0.0;0.0;14604.0;0.0;0.0;0.0;0.0;0.0;0.0;0.0;0.0;0.0;0.0;0.0;0.0;0.0;12269.0;0.0;0.0;0.0;a>b>c>d>e;63925.0;29321.0;34604.0;68822.0;12094.0;48729.0;7999.0;5343.0;7944.0;153.0;0.0;22401.0;1758.0;0.0;1946.0;1457.0;5971.0;1618.0;485.0;58.0;57.0;0.0;0.0
Povoaç‹o;3848.0;0.0;0.0;0.0;0.0;0.0;0.0;0.0;0.0;0.0;0.0;0.0;0.0;1222.0;0.0;0.0;0.0;0.0;0.0;0.0;0.0;0.0;0.0;0.0;0.0;0.0;0.0;2626.0;0.0;0.0;0.0;a>b>c>d>e;6352.0;4002.0;2350.0;6227.0;1027.0;4288.0;912.0;732.0;485.0;4.0;0.0;945.0;0.0;0.0;68.0;166.0;127.0;32.0;15.0;0.0;2.0;0.0;0.0
Ribeira Grande;14351.0;486.0;0.0;0.0;0.0;0.0;0.0;0.0;0.0;215.0;0.0;0.0;0.0;7790.0;0.0;0.0;0.0;0.0;0.0;0.0;0.0;0.0;0.0;0.0;0.0;0.0;0.0;5860.0;0.0;0.0;0.0;a>b>c>d>e;27288.0;14793.0;12495.0;32587.0;7342.0;22700.0;2546.0;3192.0;2467.0;36.0;0.0;7644.0;856.0;0.0;2125.0;1655.0;1095.0;609.0;44.0;0.0;11.0;0.0;0.0
Vila Franca do Campo;6169.0;0.0;0.0;0.0;0.0;0.0;460.0;0.0;0.0;42.0;0.0;0.0;0.0;0.0;0.0;0.0;0.0;0.0;0.0;0.0;0.0;2576.0;0.0;0.0;0.0;0.0;0.0;3091.0;0.0;0.0;0.0;a>b>c>d>e;10453.0;6273.0;4180.0;11320.0;2089.0;7949.0;1282.0;1352.0;799.0;10.0;0.0;1615.0;358.0;0.0;94.0;305.0;409.0;112.0;30.0;0.0;4.0;0.0;0.0
Angra do Hero’smo;16044.0;529.0;0.0;0.0;0.0;0.0;0.0;0.0;0.0;391.0;0.0;0.0;0.0;0.0;7414.0;0.0;0.0;0.0;0.0;0.0;0.0;0.0;0.0;0.0;0.0;0.0;0.0;7710.0;0.0;0.0;0.0;a>b>c>d>e;33016.0;17119.0;15897.0;35109.0;5659.0;24234.0;5217.0;2810.0;3758.0;52.0;0.0;8242.0;1421.0;0.0;703.0;603.0;2269.0;605.0;127.0;0.0;16.0;0.0;0.0
Vila da Praia da Vit—ria;8492.0;123.0;528.0;0.0;0.0;0.0;0.0;0.0;0.0;86.0;0.0;0.0;0.0;2203.0;0.0;0.0;0.0;0.0;0.0;0.0;0.0;0.0;0.0;0.0;0.0;0.0;0.0;5552.0;0.0;0.0;0.0;b>a>c>d>e;19316.0;8935.0;10381.0;21532.0;3360.0;15326.0;2846.0;1879.0;2265.0;17.0;0.0;3924.0;931.0;0.0;339.0;463.0;821.0;273.0;39.0;0.0;8.0;0.0;0.0
Santa Cruz da Graciosa;2694.0;0.0;0.0;0.0;0.0;0.0;186.0;0.0;0.0;0.0;0.0;0.0;0.0;1006.0;0.0;0.0;0.0;0.0;0.0;0.0;0.0;0.0;0.0;0.0;0.0;0.0;0.0;1502.0;0.0;0.0;0.0;a>b>c>d>e;4473.0;2804.0;1669.0;4405.0;607.0;2939.0;860.0;529.0;353.0;9.0;0.0;858.0;286.0;0.0;54.0;91.0;162.0;34.0;17.0;0.0;1.0;0.0;0.0
Calheta [R.A.A.];2474.0;0.0;0.0;0.0;0.0;0.0;1044.0;0.0;0.0;0.0;0.0;0.0;0.0;702.0;0.0;0.0;0.0;0.0;0.0;0.0;0.0;0.0;0.0;0.0;0.0;0.0;0.0;728.0;0.0;0.0;0.0;a>b>c>d>e;3677.0;2548.0;1129.0;3505.0;523.0;2235.0;747.0;536.0;253.0;4.0;0.0;905.0;302.0;0.0;218.0;63.0;208.0;28.0;13.0;0.0;0.0;0.0;0.0
Velas;3367.0;0.0;1716.0;0.0;0.0;0.0;0.0;0.0;0.0;0.0;0.0;0.0;0.0;937.0;0.0;0.0;0.0;0.0;0.0;0.0;0.0;0.0;0.0;0.0;0.0;0.0;0.0;714.0;0.0;0.0;0.0;b>a>c>d>e;5043.0;3489.0;1554.0;5347.0;734.0;3724.0;890.0;497.0;520.0;13.0;0.0;1263.0;231.0;0.0;58.0;180.0;433.0;72.0;20.0;0.0;6.0;0.0;0.0
Lajes do Pico;3225.0;0.0;148.0;0.0;0.0;0.0;0.0;0.0;0.0;0.0;0.0;0.0;0.0;1376.0;0.0;0.0;0.0;0.0;0.0;0.0;0.0;0.0;0.0;0.0;0.0;0.0;0.0;1701.0;0.0;0.0;0.0;b>a>c>d>e;4517.0;3324.0;1193.0;4701.0;623.0;3092.0;987.0;409.0;484.0;12.0;0.0;939.0;0.0;0.0;80.0;73.0;186.0;61.0;14.0;0.0;0.0;0.0;0.0
Madalena;3778.0;0.0;146.0;0.0;0.0;0.0;0.0;0.0;0.0;50.0;0.0;0.0;0.0;1827.0;0.0;0.0;0.0;0.0;0.0;0.0;0.0;0.0;0.0;0.0;0.0;0.0;0.0;1755.0;0.0;0.0;0.0;b>a>c>d>e;5609.0;3860.0;1749.0;6051.0;865.0;4082.0;1104.0;435.0;738.0;30.0;0.0;1503.0;0.0;0.0;86.0;234.0;277.0;72.0;23.0;0.0;6.0;0.0;0.0
S‹o Roque do Pico;2119.0;0.0;91.0;0.0;0.0;0.0;0.0;0.0;0.0;0.0;0.0;0.0;0.0;1004.0;0.0;0.0;0.0;0.0;0.0;0.0;0.0;0.0;0.0;0.0;0.0;0.0;0.0;1024.0;0.0;0.0;0.0;b>a>c>d>e;3215.0;2201.0;1014.0;3371.0;441.0;2324.0;606.0;221.0;408.0;5.0;0.0;736.0;0.0;0.0;58.0;145.0;157.0;54.0;16.0;0.0;4.0;0.0;0.0
Horta;7652.0;303.0;0.0;0.0;0.0;0.0;0.0;0.0;0.0;413.0;0.0;0.0;0.0;0.0;0.0;0.0;0.0;2729.0;0.0;0.0;0.0;0.0;0.0;0.0;0.0;0.0;0.0;4207.0;0.0;0.0;0.0;a>b>c>d>e;13166.0;8024.0;5142.0;15004.0;2307.0;10364.0;2333.0;914.0;1868.0;37.0;0.0;3751.0;0.0;10.0;304.0;340.0;717.0;214.0;50.0;0.0;19.0;0.0;0.0
Lajes das Flores;1034.0;0.0;0.0;0.0;0.0;0.0;0.0;0.0;0.0;0.0;0.0;0.0;0.0;477.0;0.0;0.0;0.0;0.0;0.0;0.0;0.0;0.0;0.0;0.0;0.0;0.0;0.0;557.0;0.0;0.0;0.0;a>b>c>d>e;1302.0;1068.0;234.0;1527.0;213.0;1014.0;301.0;141.0;143.0;0.0;0.0;337.0;114.0;0.0;7.0;42.0;51.0;7.0;0.0;0.0;0.0;0.0;0.0
Santa Cruz das Flores;1269.0;0.0;0.0;0.0;0.0;0.0;0.0;0.0;0.0;0.0;0.0;0.0;0.0;0.0;396.0;0.0;0.0;0.0;0.0;0.0;0.0;0.0;0.0;0.0;0.0;0.0;0.0;873.0;0.0;0.0;0.0;a>b>c>d>e;1938.0;1341.0;597.0;2248.0;304.0;1561.0;383.0;158.0;221.0;2.0;0.0;542.0;136.0;0.0;32.0;108.0;110.0;47.0;13.0;0.0;1.0;0.0;0.0
Corvo;254.0;0.0;0.0;0.0;0.0;0.0;0.0;0.0;0.0;0.0;0.0;0.0;0.0;93.0;0.0;0.0;0.0;0.0;0.0;0.0;0.0;0.0;0.0;0.0;0.0;0.0;0.0;161.0;0.0;0.0;0.0;a>b>c>d>e;356.0;273.0;83.0;456.0;70.0;297.0;89.0;42.0;46.0;1.0;0.0;95.0;42.0;0.0;3.0;6.0;13.0;9.0;0.0;0.0;0.0;0.0;0.0
Calheta [R.A.M.];6375.0;0.0;1727.0;0.0;0.0;0.0;0.0;0.0;0.0;223.0;0.0;0.0;0.0;3890.0;0.0;0.0;0.0;0.0;0.0;0.0;0.0;0.0;0.0;0.0;0.0;0.0;0.0;535.0;0.0;0.0;0.0;b>a>c>d>e;12550.0;6645.0;5905.0;11334.0;1614.0;7224.0;2496.0;1926.0;1067.0;20.0;805.2;2443.0;563.0;0.0;149.0;843.0;197.0;93.0;35.0;0.0;17.0;0.0;0.0
C‰mara de Lobos;14572.0;0.0;2548.0;0.0;0.0;0.0;0.0;2198.0;605.0;878.0;0.0;0.0;0.0;6186.0;0.0;0.0;0.0;0.0;0.0;0.0;0.0;0.0;0.0;0.0;0.0;0.0;0.0;0.0;0.0;2157.0;0.0;b>a>c>d>e;32457.0;15515.0;16942.0;34912.0;6825.0;24454.0;3633.0;4927.0;2813.0;56.0;729.7;4896.0;1075.0;0.0;651.0;971.0;759.0;281.0;43.0;0.0;71.0;0.0;0.0
Funchal;50884.0;0.0;7828.0;0.0;0.0;0.0;0.0;0.0;0.0;4504.0;0.0;0.0;0.0;17450.0;0.0;0.0;0.0;0.0;0.0;0.0;0.0;0.0;0.0;0.0;0.0;0.0;0.0;0.0;21102.0;0.0;0.0;b>a>c>d>e;106637.0;53808.0;52829.0;108601.0;15618.0;75608.0;17376.0;8827.0;15081.0;517.0;924.0;37549.0;1095.0;34.0;1789.0;2408.0;7952.0;3658.0;555.0;0.0;801.0;0.0;0.0
Machico;11219.0;141.0;829.0;0.0;0.0;0.0;0.0;0.0;246.0;168.0;0.0;0.0;0.0;3926.0;0.0;0.0;0.0;0.0;0.0;0.0;0.0;0.0;0.0;0.0;0.0;0.0;0.0;5631.0;0.0;0.0;278.0;b>a>c>d>e;21036.0;11756.0;9280.0;21242.0;3150.0;15103.0;2989.0;2508.0;2055.0;39.0;881.1;3090.0;261.0;0.0;388.0;605.0;523.0;175.0;42.0;0.0;45.0;0.0;0.0
Ponta do Sol;4790.0;89.0;404.0;0.0;0.0;0.0;341.0;0.0;0.0;54.0;0.0;0.0;0.0;2774.0;0.0;0.0;0.0;0.0;0.0;0.0;0.0;0.0;0.0;0.0;0.0;0.0;0.0;1020.0;0.0;0.0;108.0;b>a>c>d>e;9793.0;4956.0;4837.0;8793.0;1506.0;5813.0;1474.0;1249.0;791.0;14.0;649.2;1706.0;628.0;16.0;81.0;278.0;241.0;70.0;19.0;0.0;8.0;0.0;0.0
Porto Moniz;2125.0;0.0;29.0;0.0;0.0;0.0;0.0;0.0;0.0;18.0;0.0;0.0;0.0;1011.0;0.0;0.0;0.0;0.0;0.0;0.0;0.0;0.0;0.0;0.0;0.0;0.0;0.0;1067.0;0.0;0.0;0.0;b>a>c>d>e;3453.0;2173.0;1280.0;2556.0;323.0;1614.0;620.0;610.0;197.0;4.0;697.4;485.0;134.0;0.0;25.0;42.0;47.0;15.0;0.0;0.0;5.0;0.0;0.0
Ribeira Brava;6525.0;185.0;1381.0;0.0;0.0;0.0;0.0;0.0;0.0;241.0;0.0;0.0;0.0;2878.0;0.0;0.0;0.0;0.0;0.0;0.0;0.0;0.0;0.0;0.0;0.0;0.0;0.0;1507.0;0.0;0.0;333.0;b>a>c>d>e;14132.0;6916.0;7216.0;12961.0;2244.0;8681.0;2036.0;2191.0;1249.0;19.0;672.6;1971.0;296.0;0.0;139.0;328.0;412.0;137.0;45.0;0.0;16.0;0.0;0.0
Santa Cruz;20670.0;0.0;0.0;0.0;0.0;0.0;13886.0;0.0;806.0;999.0;0.0;0.0;0.0;4979.0;0.0;0.0;0.0;0.0;0.0;0.0;0.0;0.0;0.0;0.0;0.0;0.0;0.0;0.0;0.0;0.0;0.0;a>b>c>d>e;37490.0;21554.0;15936.0;43678.0;8034.0;31273.0;4371.0;2837.0;6284.0;100.0;832.7;6518.0;378.0;0.0;568.0;610.0;1303.0;714.0;51.0;0.0;36.0;0.0;0.0
Santana;4861.0;60.0;2605.0;0.0;0.0;0.0;0.0;0.0;0.0;72.0;0.0;0.0;0.0;1667.0;0.0;0.0;0.0;0.0;0.0;0.0;0.0;0.0;0.0;0.0;0.0;0.0;0.0;392.0;0.0;0.0;65.0;b>a>c>d>e;8516.0;5037.0;3479.0;7338.0;885.0;4740.0;1714.0;1512.0;676.0;8.0;709.6;865.0;211.0;0.0;32.0;77.0;146.0;58.0;0.0;0.0;12.0;0.0;0.0
S‹o Vicente;3590.0;41.0;0.0;0.0;0.0;0.0;2380.0;0.0;0.0;33.0;0.0;0.0;0.0;1136.0;0.0;0.0;0.0;0.0;0.0;0.0;0.0;0.0;0.0;0.0;0.0;0.0;0.0;0.0;0.0;0.0;0.0;a>b>c>d>e;6470.0;3679.0;2791.0;5467.0;701.0;3436.0;1331.0;1140.0;508.0;10.0;732.6;992.0;268.0;0.0;65.0;129.0;170.0;42.0;19.0;0.0;8.0;0.0;0.0
Porto Santo;3463.0;0.0;328.0;0.0;0.0;0.0;131.0;0.0;0.0;53.0;0.0;0.0;0.0;1310.0;0.0;0.0;0.0;0.0;0.0;0.0;0.0;0.0;0.0;0.0;0.0;0.0;0.0;1484.0;0.0;0.0;157.0;b>a>c>d>e;5707.0;3583.0;2124.0;5323.0;796.0;3893.0;634.0;399.0;852.0;9.0;921.7;894.0;29.0;0.0;23.0;53.0;197.0;106.0;15.0;0.0;2.0;0.0;0.0